trial_id,source_episode_id,switched,observation,p_minus15,p_flat,p_plus15
test_c1_side-1_episode10200_no_switch,10200,False,0,0.3333333333333333,0.3333333333333333,0.3333333333333333
test_c1_side-1_episode10200_no_switch,10200,False,1,0.0018616026910006904,0.994590509632772,0.0035478876762274026
test_c1_side-1_episode10200_no_switch,10200,False,2,0.003027944627022187,0.9968822862721882,8.976910078964977e-05
test_c1_side-1_episode10200_no_switch,10200,False,3,0.00427522646175908,0.9954363118439066,0.0002884616943344127
test_c1_side-1_episode10200_no_switch,10200,False,4,0.0028538039424052756,0.9969348588377354,0.00021133721985925534
test_c1_side-1_episode10200_no_switch,10200,False,5,0.003219484449669625,0.9961466594419764,0.000633856108354038
test_c1_side-1_episode10200_no_switch,10200,False,6,0.0007683594284978124,0.9988924594816623,0.00033918108983987987
test_c1_side-1_episode10200_no_switch,10200,False,7,8.435618054956025e-05,0.9997330811098916,0.00018256270955888527
test_c1_side-1_episode10200_no_switch,10200,False,8,0.0001101449828873546,0.9997425137852,0.00014734123191268559
test_c1_side-1_episode10200_no_switch,10200,False,9,0.0001472482413163977,0.9996936843743649,0.00015906738431865685
test_c1_side-1_episode10200_no_switch,10200,False,10,0.00020342522956212395,0.9995776012164541,0.00021897355398378467
test_c1_side-1_episode10200_no_switch,10200,False,11,0.0002782640175066346,0.9993527572042549,0.000368978778238565
test_c1_side-1_episode10200_no_switch,10200,False,12,0.00037592539102620056,0.9989158742484965,0.0007082003604773599
test_c1_side-1_episode10200_no_switch,10200,False,13,0.0004897783002028616,0.9981139565698078,0.0013962651299892197
test_c1_side-1_episode10200_no_switch,10200,False,14,0.0006018435824295926,0.9966795537187504,0.0027186026988200913
test_c1_side-1_episode10200_no_switch,10200,False,15,0.0007441161982427956,0.9941233899894764,0.005132493812280863
test_c1_side-1_episode10200_no_switch,10200,False,16,0.0009469420777071863,0.9902329471020233,0.008820110820269624
test_c1_side-1_episode10200_no_switch,10200,False,17,0.0012085204256825877,0.9837337926898037,0.015057686884513822
test_c1_side-1_episode10200_no_switch,10200,False,18,0.0014875087138801544,0.9746748459004341,0.023837645385685866
test_c1_side-1_episode10200_no_switch,10200,False,19,0.0016315905107425806,0.9626395425882663,0.035728866900991176
test_c1_side-1_episode10200_no_switch,10200,False,20,0.001650834690763251,0.9480911750096888,0.05025799029954803
test_c1_side-1_episode10200_no_switch,10200,False,21,0.0015195380922663098,0.933558984216963,0.06492147769077057
test_c1_side-1_episode10200_no_switch,10200,False,22,0.001006257891807819,0.9208002719905862,0.07819347011760591
test_c1_side-1_episode10200_no_switch,10200,False,23,0.0008363301728434425,0.9135094947454919,0.08565417508166463
test_c1_side-1_episode10200_no_switch,10200,False,24,0.0006250969415558688,0.9191579169882246,0.08021698607021945
test_c1_side-1_episode10200_no_switch,10200,False,25,0.00059000848607065,0.9348193538664733,0.06459063764745623
test_c1_side-1_episode10200_no_switch,10200,False,26,0.0010882663615746882,0.9400853411864416,0.05882639245198379
test_c1_side-1_episode10200_no_switch,10200,False,27,0.0007526431173778849,0.9391863467114545,0.06006101017116768
test_c1_side-1_episode10200_no_switch,10200,False,28,0.0035047263051302346,0.9663727560918282,0.030122517603041635
test_c1_side-1_episode10200_no_switch,10200,False,29,0.008134129956007827,0.9650653715056946,0.0268004985382975
test_c1_side-1_episode10200_no_switch,10200,False,30,0.009264741716076816,0.9847188310588082,0.006016427225114986
test_c1_side-1_episode10200_switch_10,10200,True,0,0.3333333333333333,0.3333333333333333,0.3333333333333333
test_c1_side-1_episode10200_switch_10,10200,True,1,0.00184611948746107,0.9945529306444645,0.003600949868074489
test_c1_side-1_episode10200_switch_10,10200,True,2,0.0030051706883210336,0.9969046183626787,9.021094900009891e-05
test_c1_side-1_episode10200_switch_10,10200,True,3,0.004196888714502987,0.9955088693726907,0.00029424191280640933
test_c1_side-1_episode10200_switch_10,10200,True,4,0.0027687389467517744,0.9970158025585298,0.00021545849471833026
test_c1_side-1_episode10200_switch_10,10200,True,5,0.003128497547157465,0.9962041356831647,0.0006673667696777432
test_c1_side-1_episode10200_switch_10,10200,True,6,0.0007583101912996649,0.9988884538279859,0.00035323598071455864
test_c1_side-1_episode10200_switch_10,10200,True,7,8.647496029897773e-05,0.9997389568384015,0.00017456820129945676
test_c1_side-1_episode10200_switch_10,10200,True,8,0.00011106776777676298,0.9997473095667043,0.00014162266551881372
test_c1_side-1_episode10200_switch_10,10200,True,9,0.00014716643773034642,0.9996926544639925,0.00016017909827716303
test_c1_side-1_episode10200_switch_10,10200,True,10,0.000201968431503321,0.9995788537782128,0.0002191777902838629
test_c1_side-1_episode10200_switch_10,10200,True,11,8.369625352306481e-11,0.11355899993975714,0.8864409999765466
test_c1_side-1_episode10200_switch_10,10200,True,12,2.4544270196615973e-10,0.0031113664338626858,0.9968886333206946
test_c1_side-1_episode10200_switch_10,10200,True,13,2.4015322508708392e-11,0.0003281559782803623,0.9996718439977044
test_c1_side-1_episode10200_switch_10,10200,True,14,1.4870537923014572e-13,4.834710756741259e-05,0.9999516528922838
test_c1_side-1_episode10200_switch_10,10200,True,15,2.2041866436346553e-17,1.0382599585153557e-06,0.9999989617400414
test_c1_side-1_episode10200_switch_10,10200,True,16,1.0450686416542958e-22,1.8882825067377765e-09,0.9999999981117176
test_c1_side-1_episode10200_switch_10,10200,True,17,3.3534161447419795e-32,1.1371774370357303e-15,0.9999999999999989
test_c1_side-1_episode10200_switch_10,10200,True,18,4.258396932966127e-57,1.4789100351172683e-36,1.0
test_c1_side-1_episode10200_switch_10,10200,True,19,2.7992972500944676e-33,5.910016310130945e-16,0.9999999999999993
test_c1_side-1_episode10200_switch_10,10200,True,20,2.0191109118995417e-20,3.6952750293954127e-07,0.9999996304724971
test_c1_side-1_episode10200_switch_10,10200,True,21,5.929011739252171e-24,2.6247598416392686e-07,0.9999997375240159
test_c1_side-1_episode10200_switch_10,10200,True,22,1.2024202837409633e-19,3.8130923021519706e-05,0.9999618690769784
test_c1_side-1_episode10200_switch_10,10200,True,23,1.2689462092952083e-16,0.0001338100631263271,0.9998661899368735
test_c1_side-1_episode10200_switch_10,10200,True,24,1.5600549836917199e-18,1.9082636086301677e-05,0.9999809173639137
test_c1_side-1_episode10200_switch_10,10200,True,25,5.641468113818235e-18,2.532020464092375e-05,0.999974679795359
test_c1_side-1_episode10200_switch_10,10200,True,26,1.6730030666255677e-16,5.610092920206782e-05,0.9999438990707977
test_c1_side-1_episode10200_switch_10,10200,True,27,4.370980310955908e-15,0.00011373047315603159,0.9998862695268397
test_c1_side-1_episode10200_switch_10,10200,True,28,1.4557403950054256e-13,0.00022885231923800356,0.9997711476806164
test_c1_side-1_episode10200_switch_10,10200,True,29,7.66343600171954e-12,0.0006821149137169532,0.9993178850786196
test_c1_side-1_episode10200_switch_10,10200,True,30,3.2752589482075476e-11,0.0006864482690298259,0.9993135516982176
test_c1_side-1_episode10201_no_switch,10201,False,0,0.3333333333333333,0.3333333333333333,0.3333333333333333
test_c1_side-1_episode10201_no_switch,10201,False,1,0.0008519745184239742,0.9955421256586934,0.003605899822882598
test_c1_side-1_episode10201_no_switch,10201,False,2,0.007153240454468519,0.9926793795781453,0.00016737996738616775
test_c1_side-1_episode10201_no_switch,10201,False,3,0.005262985615517424,0.9938061571967575,0.0009308571877251419
test_c1_side-1_episode10201_no_switch,10201,False,4,0.003960756751353477,0.9953300542822229,0.0007091889664238007
test_c1_side-1_episode10201_no_switch,10201,False,5,0.0033706622891633616,0.994909468230062,0.0017198694807745935
test_c1_side-1_episode10201_no_switch,10201,False,6,0.0008405317887427807,0.9985393477127849,0.000620120498472353
test_c1_side-1_episode10201_no_switch,10201,False,7,0.00011945573643577273,0.9994714169967418,0.0004091272668223553
test_c1_side-1_episode10201_no_switch,10201,False,8,0.0001628578421708091,0.9993789299898522,0.00045821216797690663
test_c1_side-1_episode10201_no_switch,10201,False,9,0.00022194676840735808,0.9991221379852964,0.0006559152462962758
test_c1_side-1_episode10201_no_switch,10201,False,10,0.00030818941253274543,0.9985905915839172,0.0011012190035500815
test_c1_side-1_episode10201_no_switch,10201,False,11,0.0004240661749208134,0.997459661446122,0.0021162723789572356
test_c1_side-1_episode10201_no_switch,10201,False,12,0.0006007242694729648,0.9954920775181711,0.00390719821235576
test_c1_side-1_episode10201_no_switch,10201,False,13,0.0007996693984731285,0.9923801642320319,0.006820166369495008
test_c1_side-1_episode10201_no_switch,10201,False,14,0.0010774805804433293,0.9874871321213265,0.011435387298230237
test_c1_side-1_episode10201_no_switch,10201,False,15,0.0014800459273949882,0.9800868726603863,0.018433081412218635
test_c1_side-1_episode10201_no_switch,10201,False,16,0.0018188760548659587,0.9693016396449095,0.028879484300224603
test_c1_side-1_episode10201_no_switch,10201,False,17,0.0022658044409131395,0.9549703421168867,0.04276385344220018
test_c1_side-1_episode10201_no_switch,10201,False,18,0.0024738211985788437,0.9370416798643594,0.06048449893706184
test_c1_side-1_episode10201_no_switch,10201,False,19,0.00256196634802269,0.9174213919631399,0.08001664168883753
test_c1_side-1_episode10201_no_switch,10201,False,20,0.0019755802500049055,0.8999823319826824,0.09804208776731273
test_c1_side-1_episode10201_no_switch,10201,False,21,0.0014500076607263392,0.8876054723475391,0.11094451999173453
test_c1_side-1_episode10201_no_switch,10201,False,22,0.0010939708396235557,0.8861069782780403,0.11279905088233616
test_c1_side-1_episode10201_no_switch,10201,False,23,0.0009800782565384056,0.9028623282615726,0.09615759348188897
test_c1_side-1_episode10201_no_switch,10201,False,24,0.0021241167445325442,0.9101063932903062,0.08776948996516128
test_c1_side-1_episode10201_no_switch,10201,False,25,0.001770391308244306,0.9182373517577145,0.07999225693404115
test_c1_side-1_episode10201_no_switch,10201,False,26,0.0006051207001336592,0.932441059434868,0.0669538198649984
test_c1_side-1_episode10201_no_switch,10201,False,27,0.004243972671100542,0.9806092542448949,0.015146773084004585
test_c1_side-1_episode10201_no_switch,10201,False,28,0.008723495826811792,0.9764847141654923,0.014791790007695914
test_c1_side-1_episode10201_no_switch,10201,False,29,0.010547067610687936,0.9880481689782001,0.0014047634111119976
test_c1_side-1_episode10201_no_switch,10201,False,30,0.027328010474341247,0.9726023658004259,6.962372523291881e-05
test_c1_side-1_episode10201_switch_10,10201,True,0,0.3333333333333333,0.3333333333333333,0.3333333333333333
test_c1_side-1_episode10201_switch_10,10201,True,1,0.0008300521763555918,0.9955588940815278,0.0036110537421166805
test_c1_side-1_episode10201_switch_10,10201,True,2,0.0071725533558103394,0.9926606783753291,0.00016676826886049309
test_c1_side-1_episode10201_switch_10,10201,True,3,0.0052717213659272694,0.9937959937295712,0.0009322849045015964
test_c1_side-1_episode10201_switch_10,10201,True,4,0.004013830750789651,0.9952860268064424,0.0007001424427679834
test_c1_side-1_episode10201_switch_10,10201,True,5,0.003371939018346484,0.9949134854135833,0.0017145755680702372
test_c1_side-1_episode10201_switch_10,10201,True,6,0.0008606154613001453,0.9985196310971238,0.0006197534415760863
test_c1_side-1_episode10201_switch_10,10201,True,7,0.0001222479586216835,0.9994763107751028,0.0004014412662754742
test_c1_side-1_episode10201_switch_10,10201,True,8,0.00015649439885940332,0.9993778812196047,0.00046562438153583866
test_c1_side-1_episode10201_switch_10,10201,True,9,0.0002224477097313175,0.9991415421639761,0.0006360101262924449
test_c1_side-1_episode10201_switch_10,10201,True,10,0.00030783627405275605,0.9986036279244352,0.0010885358015120714
test_c1_side-1_episode10201_switch_10,10201,True,11,6.027150279123113e-10,0.3123887350346089,0.6876112643626762
test_c1_side-1_episode10201_switch_10,10201,True,12,2.5805019671037977e-09,0.024677697811635375,0.9753222996078627
test_c1_side-1_episode10201_switch_10,10201,True,13,3.10923043633776e-10,0.0019220745697105354,0.9980779251193663
test_c1_side-1_episode10201_switch_10,10201,True,14,2.7741945293584887e-12,0.00025047908712248133,0.9997495209101033
test_c1_side-1_episode10201_switch_10,10201,True,15,7.39792989492508e-16,8.916041568038842e-06,0.9999910839584313
test_c1_side-1_episode10201_switch_10,10201,True,16,2.0667353149140226e-20,3.882038273249892e-08,0.9999999611796173
test_c1_side-1_episode10201_switch_10,10201,True,17,7.799351837075224e-28,1.0144252857286835e-13,0.9999999999998985
test_c1_side-1_episode10201_switch_10,10201,True,18,6.762506103357571e-51,5.71608519444577e-35,1.0
test_c1_side-1_episode10201_switch_10,10201,True,19,2.5519743977944416e-45,8.247279919956213e-29,1.0
test_c1_side-1_episode10201_switch_10,10201,True,20,5.3045593654425594e-20,8.909316196055524e-07,0.9999991090683804
test_c1_side-1_episode10201_switch_10,10201,True,21,7.184259528998659e-27,4.224314404874214e-09,0.9999999957756855
test_c1_side-1_episode10201_switch_10,10201,True,22,9.27525769138412e-24,1.5688158578096787e-06,0.9999984311841421
test_c1_side-1_episode10201_switch_10,10201,True,23,1.6153496734701304e-19,3.0445156233460716e-05,0.9999695548437665
test_c1_side-1_episode10201_switch_10,10201,True,24,1.0900348427574753e-19,6.672001422359263e-06,0.9999933279985777
test_c1_side-1_episode10201_switch_10,10201,True,25,1.3852602945465338e-19,5.575821193915288e-06,0.9999944241788061
test_c1_side-1_episode10201_switch_10,10201,True,26,1.013955488166631e-17,2.0959289552356576e-05,0.9999790407104476
test_c1_side-1_episode10201_switch_10,10201,True,27,3.3540412794714483e-16,4.1346922381219364e-05,0.9999586530776186
test_c1_side-1_episode10201_switch_10,10201,True,28,3.100083708138587e-14,0.00013655526761454913,0.9998634447323546
test_c1_side-1_episode10201_switch_10,10201,True,29,4.775932236111381e-13,0.00017422651797737942,0.999825773481545
test_c1_side-1_episode10201_switch_10,10201,True,30,9.842817559023875e-12,0.000262506605723977,0.9997374933844332
test_c1_side+1_episode12200_no_switch,12200,False,0,0.3333333333333333,0.3333333333333333,0.3333333333333333
test_c1_side+1_episode12200_no_switch,12200,False,1,0.0005472369073198554,0.9956369032563681,0.0038158598363120526
test_c1_side+1_episode12200_no_switch,12200,False,2,0.0018180311826935614,0.997828237012412,0.0003537318048945263
test_c1_side+1_episode12200_no_switch,12200,False,3,0.0002657135314361384,0.9995808909124074,0.0001533955561564506
test_c1_side+1_episode12200_no_switch,12200,False,4,0.0002225560414009593,0.9997581351615464,1.9308797052544407e-05
test_c1_side+1_episode12200_no_switch,12200,False,5,0.00028181128481900766,0.9996705002200933,4.7688495087700384e-05
test_c1_side+1_episode12200_no_switch,12200,False,6,5.6328580869259424e-05,0.9999240596931026,1.9611726028172765e-05
test_c1_side+1_episode12200_no_switch,12200,False,7,5.940167629518394e-05,0.9999140692274443,2.6529096260596827e-05
test_c1_side+1_episode12200_no_switch,12200,False,8,7.340184330814914e-05,0.9998900958049968,3.650235169510964e-05
test_c1_side+1_episode12200_no_switch,12200,False,9,9.247592789692371e-05,0.9998572962808976,5.02277912053628e-05
test_c1_side+1_episode12200_no_switch,12200,False,10,0.00012805555999779368,0.999807386007622,6.455843238020482e-05
test_c1_side+1_episode12200_no_switch,12200,False,11,0.00017681499007701865,0.9997384236025151,8.476140740787508e-05
test_c1_side+1_episode12200_no_switch,12200,False,12,0.0002661479521673233,0.9996275926771973,0.00010625937063555546
test_c1_side+1_episode12200_no_switch,12200,False,13,0.00038811523011675195,0.999477199559483,0.00013468521040023912
test_c1_side+1_episode12200_no_switch,12200,False,14,0.0006019989520239686,0.9992370442738732,0.0001609567741028375
test_c1_side+1_episode12200_no_switch,12200,False,15,0.0008760624155574002,0.9989228001234577,0.00020113746098496965
test_c1_side+1_episode12200_no_switch,12200,False,16,0.0013182955823758922,0.9984402014073868,0.0002415030102373503
test_c1_side+1_episode12200_no_switch,12200,False,17,0.0019509088151199974,0.9977601961342005,0.00028889505067949115
test_c1_side+1_episode12200_no_switch,12200,False,18,0.002746352021541765,0.9969033774640553,0.0003502705144028859
test_c1_side+1_episode12200_no_switch,12200,False,19,0.003841926951610891,0.9957390507714963,0.00041902227689284455
test_c1_side+1_episode12200_no_switch,12200,False,20,0.005156053747065161,0.9943410147623515,0.0005029314905832865
test_c1_side+1_episode12200_no_switch,12200,False,21,0.006568912686047053,0.9928192860768538,0.0006118012370991699
test_c1_side+1_episode12200_no_switch,12200,False,22,0.008071206373562114,0.9911871542344648,0.0007416393919731643
test_c1_side+1_episode12200_no_switch,12200,False,23,0.009869299816591761,0.989244173067004,0.0008865271164043292
test_c1_side+1_episode12200_no_switch,12200,False,24,0.011389523782301703,0.9875132965404553,0.0010971796772430258
test_c1_side+1_episode12200_no_switch,12200,False,25,0.032039120337732936,0.95887127779073,0.009089601871537114
test_c1_side+1_episode12200_no_switch,12200,False,26,0.05056521250433366,0.928496435867652,0.020938351628014464
test_c1_side+1_episode12200_no_switch,12200,False,27,0.0659653987547576,0.9040564848739036,0.029978116371338813
test_c1_side+1_episode12200_no_switch,12200,False,28,0.053803825430694,0.9152494644436635,0.030946710125642426
test_c1_side+1_episode12200_no_switch,12200,False,29,0.028064545867852907,0.9362041520323805,0.035731302099766514
test_c1_side+1_episode12200_no_switch,12200,False,30,0.020661953192328966,0.9404375489698599,0.03890049783781117
test_c1_side+1_episode12200_switch_10,12200,True,0,0.3333333333333333,0.3333333333333333,0.3333333333333333
test_c1_side+1_episode12200_switch_10,12200,True,1,0.0005442177448032432,0.9955940626162483,0.003861719638948412
test_c1_side+1_episode12200_switch_10,12200,True,2,0.0018575712790472082,0.9977955625746017,0.00034686614635116993
test_c1_side+1_episode12200_switch_10,12200,True,3,0.00026648884984353165,0.9995796338628231,0.0001538772873333933
test_c1_side+1_episode12200_switch_10,12200,True,4,0.00021562118039165806,0.9997645015183217,1.987730128659155e-05
test_c1_side+1_episode12200_switch_10,12200,True,5,0.00027919112095983035,0.9996731277344967,4.768114454347464e-05
test_c1_side+1_episode12200_switch_10,12200,True,6,5.388987505088091e-05,0.9999258820876656,2.0228037283536132e-05
test_c1_side+1_episode12200_switch_10,12200,True,7,5.888509176069187e-05,0.9999145481325177,2.6566775721653107e-05
test_c1_side+1_episode12200_switch_10,12200,True,8,7.581158599189517e-05,0.9998882607243336,3.5927689674488116e-05
test_c1_side+1_episode12200_switch_10,12200,True,9,9.443189925401728e-05,0.9998562921377909,4.927596295502154e-05
test_c1_side+1_episode12200_switch_10,12200,True,10,0.00012799205277257332,0.9998062310888934,6.577685833403471e-05
test_c1_side+1_episode12200_switch_10,12200,True,11,8.965872630262827e-12,0.00918426101076337,0.9908157389802708
test_c1_side+1_episode12200_switch_10,12200,True,12,3.2637487551082335e-10,8.214990710029961e-05,0.9999178497665249
test_c1_side+1_episode12200_switch_10,12200,True,13,2.4813936302386405e-09,3.814927091859093e-05,0.9999618482476879
test_c1_side+1_episode12200_switch_10,12200,True,14,3.42566237493208e-10,1.988981235179567e-05,0.999980109845082
test_c1_side+1_episode12200_switch_10,12200,True,15,3.5194577191339303e-13,2.3249224369134103e-06,0.9999976750772112
test_c1_side+1_episode12200_switch_10,12200,True,16,4.1873205205355644e-19,2.7504278908752045e-10,0.9999999997249572
test_c1_side+1_episode12200_switch_10,12200,True,17,3.0100593751882465e-30,1.059902588150629e-33,1.0
test_c1_side+1_episode12200_switch_10,12200,True,18,3.9283458035278675e-48,2.8929431238761323e-21,1.0
test_c1_side+1_episode12200_switch_10,12200,True,19,1.4916483499860507e-14,2.6892320241861515e-05,0.9999731076797432
test_c1_side+1_episode12200_switch_10,12200,True,20,2.342879085297937e-10,1.083370556804183e-05,0.9999891660601441
test_c1_side+1_episode12200_switch_10,12200,True,21,5.840707239792984e-53,7.169315833026786e-27,1.0
test_c1_side+1_episode12200_switch_10,12200,True,22,4.948047411411508e-17,2.6869218762848904e-06,0.9999973130781237
test_c1_side+1_episode12200_switch_10,12200,True,23,8.264492434980486e-19,1.8206042979866663e-06,0.999998179395702
test_c1_side+1_episode12200_switch_10,12200,True,24,2.9375079709675257e-17,1.5857586049429752e-06,0.999998414241395
test_c1_side+1_episode12200_switch_10,12200,True,25,1.78662359300528e-16,1.5379938911508692e-06,0.9999984620061086
test_c1_side+1_episode12200_switch_10,12200,True,26,5.207257956872429e-13,8.947638565842296e-05,0.9999105236138208
test_c1_side+1_episode12200_switch_10,12200,True,27,2.4797701752300415e-13,6.394706170766658e-05,0.9999360529380443
test_c1_side+1_episode12200_switch_10,12200,True,28,2.537069807296228e-12,0.00016983005333099524,0.999830169944132
test_c1_side+1_episode12200_switch_10,12200,True,29,5.795896656660318e-12,0.00016935421083140464,0.9998306457833727
test_c1_side+1_episode12200_switch_10,12200,True,30,1.9162396282643517e-11,0.0002057932877003158,0.9997942066931373
test_c1_side+1_episode12201_no_switch,12201,False,0,0.3333333333333333,0.3333333333333333,0.3333333333333333
test_c1_side+1_episode12201_no_switch,12201,False,1,0.0003797685929092378,0.9952823415167761,0.00433788989031461
test_c1_side+1_episode12201_no_switch,12201,False,2,0.002762418228745832,0.9967035844232892,0.000533997347964993
test_c1_side+1_episode12201_no_switch,12201,False,3,0.0003206782922982177,0.9994510422725073,0.00022827943519452548
test_c1_side+1_episode12201_no_switch,12201,False,4,0.00027002554222343284,0.9997070955352688,2.2878922507760913e-05
test_c1_side+1_episode12201_no_switch,12201,False,5,0.00024893002446817213,0.9996944146968143,5.66552787175608e-05
test_c1_side+1_episode12201_no_switch,12201,False,6,4.4421654365195514e-05,0.9999309221962145,2.4656149420276047e-05
test_c1_side+1_episode12201_no_switch,12201,False,7,5.8214491349577116e-05,0.9999067467334303,3.503877522016298e-05
test_c1_side+1_episode12201_no_switch,12201,False,8,6.868269639553067e-05,0.9998810810074433,5.0236296161173546e-05
test_c1_side+1_episode12201_no_switch,12201,False,9,8.706503203249219e-05,0.999844703878848,6.823108911940892e-05
test_c1_side+1_episode12201_no_switch,12201,False,10,0.0001222368161646726,0.9997920563580196,8.570682581573587e-05
test_c1_side+1_episode12201_no_switch,12201,False,11,0.000169768608117309,0.9997229720573547,0.00010725933452791554
test_c1_side+1_episode12201_no_switch,12201,False,12,0.0002446895430153649,0.9996235221577564,0.000131788299228264
test_c1_side+1_episode12201_no_switch,12201,False,13,0.0003560137766323699,0.9994834773222452,0.00016050890112245182
test_c1_side+1_episode12201_no_switch,12201,False,14,0.0005155120345046528,0.9992933386077829,0.0001911493577124776
test_c1_side+1_episode12201_no_switch,12201,False,15,0.0007665811839772613,0.9990054400428714,0.0002279787731513958
test_c1_side+1_episode12201_no_switch,12201,False,16,0.0011385716207435621,0.9986010048939092,0.0002604234853471316
test_c1_side+1_episode12201_no_switch,12201,False,17,0.0016088139981497165,0.9980829597459895,0.00030822625586084346
test_c1_side+1_episode12201_no_switch,12201,False,18,0.002274944624095866,0.9973716794307652,0.0003533759451389244
test_c1_side+1_episode12201_no_switch,12201,False,19,0.003056953653727135,0.9965240475031641,0.00041899884310869475
test_c1_side+1_episode12201_no_switch,12201,False,20,0.0040812435994359506,0.9954320262635292,0.000486730137034804
test_c1_side+1_episode12201_no_switch,12201,False,21,0.005291042947262524,0.9941484578068027,0.0005604992459347034
test_c1_side+1_episode12201_no_switch,12201,False,22,0.0065994562539605835,0.9927486509372682,0.0006518928087711237
test_c1_side+1_episode12201_no_switch,12201,False,23,0.008145065328609006,0.9911075874176309,0.0007473472537600455
test_c1_side+1_episode12201_no_switch,12201,False,24,0.009635887661097997,0.9895026266038067,0.0008614857350952472
test_c1_side+1_episode12201_no_switch,12201,False,25,0.011177833505838113,0.9878388966884677,0.0009832698056941053
test_c1_side+1_episode12201_no_switch,12201,False,26,0.012730883026474264,0.9861363923710257,0.001132724602500061
test_c1_side+1_episode12201_no_switch,12201,False,27,0.03236828379300594,0.959300056464607,0.00833165974238708
test_c1_side+1_episode12201_no_switch,12201,False,28,0.04847705506703793,0.9335656343171187,0.017957310615843273
test_c1_side+1_episode12201_no_switch,12201,False,29,0.0617394578229991,0.9138208265269786,0.024439715650022214
test_c1_side+1_episode12201_no_switch,12201,False,30,0.04982956288438372,0.9263823739704046,0.023788063145211737
test_c1_side+1_episode12201_switch_10,12201,True,0,0.3333333333333333,0.3333333333333333,0.3333333333333333
test_c1_side+1_episode12201_switch_10,12201,True,1,0.000392318330664953,0.9952659727239211,0.004341708945413964
test_c1_side+1_episode12201_switch_10,12201,True,2,0.0028087276243556154,0.9966631440968716,0.0005281282787728096
test_c1_side+1_episode12201_switch_10,12201,True,3,0.00030828543133442146,0.9994584702305578,0.00023324433810781238
test_c1_side+1_episode12201_switch_10,12201,True,4,0.00027010792721962357,0.9997069710194308,2.2921053349561686e-05
test_c1_side+1_episode12201_switch_10,12201,True,5,0.0002457291232058765,0.9996968705186907,5.740035810352396e-05
test_c1_side+1_episode12201_switch_10,12201,True,6,4.519518378777661e-05,0.9999305430807477,2.426173546459283e-05
test_c1_side+1_episode12201_switch_10,12201,True,7,5.682960352720104e-05,0.9999072679008506,3.590249562224098e-05
test_c1_side+1_episode12201_switch_10,12201,True,8,7.080777673609275e-05,0.9998793901490973,4.98020741665904e-05
test_c1_side+1_episode12201_switch_10,12201,True,9,9.112831941720669e-05,0.9998426324276278,6.623925295506099e-05
test_c1_side+1_episode12201_switch_10,12201,True,10,0.00011893431652813885,0.9997936403874287,8.742529604315617e-05
test_c1_side+1_episode12201_switch_10,12201,True,11,1.7773845409736743e-11,0.01210940500494846,0.9878905949772776
test_c1_side+1_episode12201_switch_10,12201,True,12,3.150550821673078e-10,8.035853407368955e-05,0.9999196411508713
test_c1_side+1_episode12201_switch_10,12201,True,13,1.7647128845074798e-09,3.128143072745169e-05,0.9999687168045597
test_c1_side+1_episode12201_switch_10,12201,True,14,2.189630446740477e-10,1.4971695579580142e-05,0.9999850280854574
test_c1_side+1_episode12201_switch_10,12201,True,15,1.820178711217073e-13,1.2762382156920697e-06,0.9999987237616023
test_c1_side+1_episode12201_switch_10,12201,True,16,1.493935176181947e-19,2.685054596826914e-11,0.9999999999731495
test_c1_side+1_episode12201_switch_10,12201,True,17,3.925376323264401e-31,9.059521370671002e-37,1.0
test_c1_side+1_episode12201_switch_10,12201,True,18,1.2707112521716207e-49,1.5905572701261825e-24,1.0
test_c1_side+1_episode12201_switch_10,12201,True,19,7.805151748674102e-15,2.281447354482876e-05,0.9999771855264473
test_c1_side+1_episode12201_switch_10,12201,True,20,4.198597190985183e-10,1.8622494581855257e-05,0.9999813770855585
test_c1_side+1_episode12201_switch_10,12201,True,21,5.366061408441841e-47,6.116658907018422e-22,1.0
test_c1_side+1_episode12201_switch_10,12201,True,22,2.6007684620501837e-16,4.1297614324690865e-06,0.9999958702385673
test_c1_side+1_episode12201_switch_10,12201,True,23,9.787092151185616e-19,1.2310345292818735e-06,0.9999987689654707
test_c1_side+1_episode12201_switch_10,12201,True,24,1.829520512679049e-17,1.2860726004121633e-06,0.9999987139273995
test_c1_side+1_episode12201_switch_10,12201,True,25,2.33463643883045e-17,2.1029535191272664e-06,0.9999978970464808
test_c1_side+1_episode12201_switch_10,12201,True,26,9.438205742817296e-14,4.5903537406438724e-05,0.9999540964624992
test_c1_side+1_episode12201_switch_10,12201,True,27,3.670622523294699e-13,7.786466484069748e-05,0.9999221353347924
test_c1_side+1_episode12201_switch_10,12201,True,28,1.6642326774666376e-12,0.00011511625593113253,0.9998848837424047
test_c1_side+1_episode12201_switch_10,12201,True,29,1.5691781252528806e-11,0.0001827017448779496,0.9998172982394302
test_c1_side+1_episode12201_switch_10,12201,True,30,5.280687829992577e-11,0.00028192201812509137,0.9997180779290681
test_c4_side-1_episode40200_no_switch,40200,False,0,0.3333333333333333,0.3333333333333333,0.3333333333333333
test_c4_side-1_episode40200_no_switch,40200,False,1,0.0013740546536123931,0.9958443163187939,0.002781629027593746
test_c4_side-1_episode40200_no_switch,40200,False,2,0.0034053179347324496,0.9965178261338543,7.685593141332048e-05
test_c4_side-1_episode40200_no_switch,40200,False,3,0.002534869971414359,0.9973097513554843,0.00015537867310130374
test_c4_side-1_episode40200_no_switch,40200,False,4,0.0017183663614166141,0.9982255497882464,5.6083850336893426e-05
test_c4_side-1_episode40200_no_switch,40200,False,5,0.0024314723984603763,0.9973940106244605,0.00017451697707896485
test_c4_side-1_episode40200_no_switch,40200,False,6,0.000414946981534438,0.999486873105822,9.817991264366905e-05
test_c4_side-1_episode40200_no_switch,40200,False,7,2.7432091640818765e-05,0.9999248221491971,4.7745759162156815e-05
test_c4_side-1_episode40200_no_switch,40200,False,8,3.59855996248209e-05,0.9999204092657618,4.360513461341561e-05
test_c4_side-1_episode40200_no_switch,40200,False,9,5.2052436786625636e-05,0.9999027459550525,4.5201608160808954e-05
test_c4_side-1_episode40200_no_switch,40200,False,10,7.374684324244054e-05,0.99986796185022,5.829130653761052e-05
test_c4_side-1_episode40200_no_switch,40200,False,11,0.00010396901881244961,0.9998092224518403,8.680852934720328e-05
test_c4_side-1_episode40200_no_switch,40200,False,12,0.00014143554205334452,0.9997120821394315,0.00014648231851509223
test_c4_side-1_episode40200_no_switch,40200,False,13,0.00019624372243265157,0.9995449378306648,0.00025881844690254466
test_c4_side-1_episode40200_no_switch,40200,False,14,0.0002689722568151503,0.9992441172098189,0.0004869105333660104
test_c4_side-1_episode40200_no_switch,40200,False,15,0.00036668737387204604,0.9987073411516281,0.0009259714744999756
test_c4_side-1_episode40200_no_switch,40200,False,16,0.0005046585383061354,0.9977634143987092,0.0017319270629847009
test_c4_side-1_episode40200_no_switch,40200,False,17,0.0006872702887829022,0.9961747254442752,0.0031380042669419787
test_c4_side-1_episode40200_no_switch,40200,False,18,0.0009287329378823863,0.9935948380591807,0.005476429002936881
test_c4_side-1_episode40200_no_switch,40200,False,19,0.0012906099832265742,0.9898009772387419,0.00890841277803144
test_c4_side-1_episode40200_no_switch,40200,False,20,0.0018136844541043742,0.9843781319778587,0.013808183568037005
test_c4_side-1_episode40200_no_switch,40200,False,21,0.0025328293236047484,0.9768963471822092,0.020570823494185986
test_c4_side-1_episode40200_no_switch,40200,False,22,0.0034064252776735394,0.9668466333031458,0.02974694141918065
test_c4_side-1_episode40200_no_switch,40200,False,23,0.004476653247638935,0.9545926113007581,0.04093073545160289
test_c4_side-1_episode40200_no_switch,40200,False,24,0.006211925377539985,0.9410719099053809,0.05271616471707905
test_c4_side-1_episode40200_no_switch,40200,False,25,0.008055731336464849,0.9276798408432556,0.06426442782027962
test_c4_side-1_episode40200_no_switch,40200,False,26,0.010227843936331471,0.916012425774394,0.07375973028927454
test_c4_side-1_episode40200_no_switch,40200,False,27,0.013231719418237189,0.906217561538955,0.08055071904280775
test_c4_side-1_episode40200_no_switch,40200,False,28,0.013492525808236676,0.9115632863681001,0.07494418782366313
test_c4_side-1_episode40200_no_switch,40200,False,29,0.01938153278888494,0.9249359009159227,0.055682566295192415
test_c4_side-1_episode40200_no_switch,40200,False,30,0.024761948655661985,0.9170363832046377,0.05820166813970043
test_c4_side-1_episode40200_switch_10,40200,True,0,0.3333333333333333,0.3333333333333333,0.3333333333333333
test_c4_side-1_episode40200_switch_10,40200,True,1,0.001361719883715933,0.9958941959734063,0.0027440841428777556
test_c4_side-1_episode40200_switch_10,40200,True,2,0.003377727033016864,0.9965454394330732,7.683353390993093e-05
test_c4_side-1_episode40200_switch_10,40200,True,3,0.002532084002199656,0.9973104774258053,0.0001574385719950841
test_c4_side-1_episode40200_switch_10,40200,True,4,0.0017052126475172013,0.9982384323176627,5.6355034820089024e-05
test_c4_side-1_episode40200_switch_10,40200,True,5,0.0024345834061523493,0.9973898202900218,0.00017559630382583166
test_c4_side-1_episode40200_switch_10,40200,True,6,0.0004162445344150339,0.9994843957072539,9.935975833112537e-05
test_c4_side-1_episode40200_switch_10,40200,True,7,2.670313052246922e-05,0.9999245286614175,4.876820806017489e-05
test_c4_side-1_episode40200_switch_10,40200,True,8,3.6997903241727335e-05,0.9999212459259931,4.175617076516176e-05
test_c4_side-1_episode40200_switch_10,40200,True,9,5.1767831391447075e-05,0.9999024514773963,4.578069121213913e-05
test_c4_side-1_episode40200_switch_10,40200,True,10,7.503409774393804e-05,0.9998677486848432,5.721721741289202e-05
test_c4_side-1_episode40200_switch_10,40200,True,11,2.5785645190817744e-12,0.049388354188414904,0.9506116458090066
test_c4_side-1_episode40200_switch_10,40200,True,12,7.284887868667614e-12,0.0005859956833358361,0.9994140043093792
test_c4_side-1_episode40200_switch_10,40200,True,13,1.201307578698693e-12,8.464497060129153e-05,0.9999153550281974
test_c4_side-1_episode40200_switch_10,40200,True,14,1.001548540871806e-14,9.11795653559694e-06,0.9999908820434544
test_c4_side-1_episode40200_switch_10,40200,True,15,9.982240868383599e-19,9.275888479088207e-08,0.9999999072411153
test_c4_side-1_episode40200_switch_10,40200,True,16,2.1343240758067298e-24,1.8571501687936955e-11,0.9999999999814284
test_c4_side-1_episode40200_switch_10,40200,True,17,3.135843251695872e-32,4.730961814703981e-22,1.0
test_c4_side-1_episode40200_switch_10,40200,True,18,8.413796746593006e-62,2.4672209292193957e-33,1.0
test_c4_side-1_episode40200_switch_10,40200,True,19,1.759256221477529e-25,2.016055903000562e-09,0.999999997983944
test_c4_side-1_episode40200_switch_10,40200,True,20,1.5962526878943392e-24,2.2878973969559924e-10,0.9999999997712102
test_c4_side-1_episode40200_switch_10,40200,True,21,4.2306288949859615e-16,2.3165344705370102e-05,0.9999768346552942
test_c4_side-1_episode40200_switch_10,40200,True,22,1.832376091923143e-12,0.00027023884516464303,0.9997297611530029
test_c4_side-1_episode40200_switch_10,40200,True,23,1.5541970571940108e-14,5.380613831216703e-05,0.9999461938616724
test_c4_side-1_episode40200_switch_10,40200,True,24,1.7569702126600413e-16,3.132657468347117e-05,0.9999686734253164
test_c4_side-1_episode40200_switch_10,40200,True,25,1.2436433613700248e-15,5.2330575316824835e-05,0.9999476694246819
test_c4_side-1_episode40200_switch_10,40200,True,26,9.441708062453904e-15,7.491455470431693e-05,0.9999250854452862
test_c4_side-1_episode40200_switch_10,40200,True,27,6.089103431361181e-14,9.512744762986685e-05,0.9999048725523093
test_c4_side-1_episode40200_switch_10,40200,True,28,9.143542039242345e-13,0.00016152893763694633,0.9998384710614487
test_c4_side-1_episode40200_switch_10,40200,True,29,2.0362369029146047e-11,0.00038779680423777386,0.9996122031753999
test_c4_side-1_episode40200_switch_10,40200,True,30,4.444417915393496e-11,0.00035206028999060934,0.9996479396655653
test_c4_side-1_episode40201_no_switch,40201,False,0,0.3333333333333333,0.3333333333333333,0.3333333333333333
test_c4_side-1_episode40201_no_switch,40201,False,1,0.0002521774413105198,0.9969699246863243,0.002777897872365112
test_c4_side-1_episode40201_no_switch,40201,False,2,0.004442548247428735,0.9952317902951692,0.0003256614574021281
test_c4_side-1_episode40201_no_switch,40201,False,3,0.001089117777705134,0.9977657877807917,0.001145094441503136
test_c4_side-1_episode40201_no_switch,40201,False,4,0.001631603887506884,0.9981703067499018,0.00019808936259123013
test_c4_side-1_episode40201_no_switch,40201,False,5,0.002136765858423663,0.9974322896793102,0.0004309444622661157
test_c4_side-1_episode40201_no_switch,40201,False,6,0.0005626399987312991,0.9992385125015514,0.0001988474997172766
test_c4_side-1_episode40201_no_switch,40201,False,7,5.25881215980011e-05,0.9998252293141429,0.0001221825642591584
test_c4_side-1_episode40201_no_switch,40201,False,8,6.767992666739562e-05,0.9997683702022049,0.00016394987112774027
test_c4_side-1_episode40201_no_switch,40201,False,9,8.935253142136234e-05,0.9996629935113108,0.00024765395726777153
test_c4_side-1_episode40201_no_switch,40201,False,10,0.00012130793157927577,0.9994701356800542,0.00040855638836651134
test_c4_side-1_episode40201_no_switch,40201,False,11,0.00017102703088346189,0.9991458657815024,0.0006831071876141294
test_c4_side-1_episode40201_no_switch,40201,False,12,0.00023977092220903043,0.9985557847389215,0.0012044443388694592
test_c4_side-1_episode40201_no_switch,40201,False,13,0.0003448658806710313,0.9975991463313664,0.002055987787962565
test_c4_side-1_episode40201_no_switch,40201,False,14,0.0004922965020525144,0.9960503256457031,0.0034573778522443985
test_c4_side-1_episode40201_no_switch,40201,False,15,0.0007157553009842912,0.9936665407264607,0.00561770397255497
test_c4_side-1_episode40201_no_switch,40201,False,16,0.0010123621726549333,0.9900958490635975,0.008891788763747662
test_c4_side-1_episode40201_no_switch,40201,False,17,0.0014767840411841133,0.9852009704298793,0.013322245528936454
test_c4_side-1_episode40201_no_switch,40201,False,18,0.0021241294969535397,0.9787251287641673,0.019150741738879203
test_c4_side-1_episode40201_no_switch,40201,False,19,0.002917684283327887,0.9703242764183885,0.02675803929828374
test_c4_side-1_episode40201_no_switch,40201,False,20,0.00401642179989823,0.9602974381007183,0.03568614009938352
test_c4_side-1_episode40201_no_switch,40201,False,21,0.005365904353167588,0.9484042664699047,0.04622982917692766
test_c4_side-1_episode40201_no_switch,40201,False,22,0.006742505592032238,0.9349987325640342,0.05825876184393343
test_c4_side-1_episode40201_no_switch,40201,False,23,0.008596290220205931,0.9213830912845702,0.0700206184952239
test_c4_side-1_episode40201_no_switch,40201,False,24,0.010464046269234705,0.9090537449561389,0.08048220877462657
test_c4_side-1_episode40201_no_switch,40201,False,25,0.01255319952347955,0.8988891590973177,0.08855764137920283
test_c4_side-1_episode40201_no_switch,40201,False,26,0.014805374512188385,0.8921719891589599,0.09302263632885174
test_c4_side-1_episode40201_no_switch,40201,False,27,0.015266448457858798,0.9057878347180306,0.07894571682411063
test_c4_side-1_episode40201_no_switch,40201,False,28,0.02147299318452129,0.9179502071245355,0.0605767996909431
test_c4_side-1_episode40201_no_switch,40201,False,29,0.02835152359430523,0.91067555355473,0.060972922850964895
test_c4_side-1_episode40201_no_switch,40201,False,30,0.02895105158692981,0.9175599638173323,0.0534889845957378
test_c4_side-1_episode40201_switch_10,40201,True,0,0.3333333333333333,0.3333333333333333,0.3333333333333333
test_c4_side-1_episode40201_switch_10,40201,True,1,0.0002550899842251774,0.9969957934773482,0.002749116538426563
test_c4_side-1_episode40201_switch_10,40201,True,2,0.004441246602343547,0.9952347634497589,0.0003239899478974792
test_c4_side-1_episode40201_switch_10,40201,True,3,0.001099527245443791,0.9977637972224165,0.0011366755321397391
test_c4_side-1_episode40201_switch_10,40201,True,4,0.0016461622225043809,0.9981590452760823,0.00019479250141329424
test_c4_side-1_episode40201_switch_10,40201,True,5,0.002121018085483242,0.9974483603188747,0.0004306215956420878
test_c4_side-1_episode40201_switch_10,40201,True,6,0.000552908052946118,0.9992432945534095,0.00020379739364431094
test_c4_side-1_episode40201_switch_10,40201,True,7,5.1514228099644704e-05,0.9998240785449468,0.00012440722695343957
test_c4_side-1_episode40201_switch_10,40201,True,8,6.674009129106581e-05,0.9997682440733084,0.00016501583540051219
test_c4_side-1_episode40201_switch_10,40201,True,9,9.00945733512496e-05,0.9996628087791336,0.0002470966475150976
test_c4_side-1_episode40201_switch_10,40201,True,10,0.00011949087229895065,0.9994710307981538,0.00040947832954726633
test_c4_side-1_episode40201_switch_10,40201,True,11,5.704986808528235e-11,0.09002252630480598,0.9099774736381441
test_c4_side-1_episode40201_switch_10,40201,True,12,1.684661223235768e-10,0.0012920637410546085,0.9987079360904793
test_c4_side-1_episode40201_switch_10,40201,True,13,5.7220428042364597e-11,0.00020302248994825216,0.9997969774528314
test_c4_side-1_episode40201_switch_10,40201,True,14,8.614230444362278e-13,3.951413356139452e-05,0.9999604858655773
test_c4_side-1_episode40201_switch_10,40201,True,15,2.8430130466059873e-16,8.862641243183883e-07,0.9999991137358754
test_c4_side-1_episode40201_switch_10,40201,True,16,1.0453770334782172e-21,4.097458277572179e-11,0.9999999999590254
test_c4_side-1_episode40201_switch_10,40201,True,17,2.368675827566316e-28,5.998454268509388e-24,1.0
test_c4_side-1_episode40201_switch_10,40201,True,18,1.7407567837943818e-60,2.2666952789951704e-39,1.0
test_c4_side-1_episode40201_switch_10,40201,True,19,2.1438827981860696e-32,7.8067633743929e-13,0.9999999999992193
test_c4_side-1_episode40201_switch_10,40201,True,20,4.2215805285429e-14,1.2806189979439927e-05,0.9999871938099782
test_c4_side-1_episode40201_switch_10,40201,True,21,1.3225507363853467e-15,1.3201313903558521e-05,0.9999867986860951
test_c4_side-1_episode40201_switch_10,40201,True,22,1.265967943702558e-11,0.0002528070690724336,0.9997471929182679
test_c4_side-1_episode40201_switch_10,40201,True,23,1.2031206084580283e-13,6.201947259227342e-05,0.9999379805272874
test_c4_side-1_episode40201_switch_10,40201,True,24,2.1487575033531605e-15,5.627480225447712e-05,0.9999437251977433
test_c4_side-1_episode40201_switch_10,40201,True,25,5.578889624833014e-15,8.804118925243792e-05,0.999911958810742
test_c4_side-1_episode40201_switch_10,40201,True,26,4.377319720270273e-14,0.00012972005358843507,0.9998702799463678
test_c4_side-1_episode40201_switch_10,40201,True,27,2.1597913112970763e-13,0.00012604563023021925,0.9998739543695538
test_c4_side-1_episode40201_switch_10,40201,True,28,4.148980685673777e-12,0.0002522163126845002,0.9997477836831664
test_c4_side-1_episode40201_switch_10,40201,True,29,1.468594581507957e-11,0.00024113697963008357,0.999758863005684
test_c4_side-1_episode40201_switch_10,40201,True,30,1.956214642243185e-10,0.0003964001289451876,0.9996035996754333
test_c4_side+1_episode42200_no_switch,42200,False,0,0.3333333333333333,0.3333333333333333,0.3333333333333333
test_c4_side+1_episode42200_no_switch,42200,False,1,0.0003742683572845313,0.9971542549292519,0.002471476713463618
test_c4_side+1_episode42200_no_switch,42200,False,2,0.0017599095288607946,0.9979722903580841,0.000267800113055059
test_c4_side+1_episode42200_no_switch,42200,False,3,0.00039871382895284276,0.9993888821507892,0.00021240402025800775
test_c4_side+1_episode42200_no_switch,42200,False,4,0.0004653458403256425,0.999497458043981,3.7196115693320674e-05
test_c4_side+1_episode42200_no_switch,42200,False,5,0.0006079175183250593,0.9993230576322271,6.902484944789098e-05
test_c4_side+1_episode42200_no_switch,42200,False,6,0.00013083666910305625,0.9998265654527914,4.25978781055251e-05
test_c4_side+1_episode42200_no_switch,42200,False,7,0.0001338853186006876,0.9998157087412163,5.040594018294191e-05
test_c4_side+1_episode42200_no_switch,42200,False,8,0.00017542272246924537,0.9997674417552086,5.713552232214442e-05
test_c4_side+1_episode42200_no_switch,42200,False,9,0.00023992486281822437,0.9996908263123189,6.924882486283044e-05
test_c4_side+1_episode42200_no_switch,42200,False,10,0.0003773386701411506,0.9995333464091727,8.931492068621365e-05
test_c4_side+1_episode42200_no_switch,42200,False,11,0.0006663566628669875,0.9992132611862182,0.00012038215091487855
test_c4_side+1_episode42200_no_switch,42200,False,12,0.0012058563623651806,0.9986197195716402,0.00017442406599464587
test_c4_side+1_episode42200_no_switch,42200,False,13,0.002183714767453872,0.9975653045460103,0.00025098068653584357
test_c4_side+1_episode42200_no_switch,42200,False,14,0.003940703822856039,0.995719269041355,0.00034002713578888216
test_c4_side+1_episode42200_no_switch,42200,False,15,0.006715450210727293,0.9928237969232716,0.00046075286600105996
test_c4_side+1_episode42200_no_switch,42200,False,16,0.01095687683069739,0.988454923543381,0.00058819962592158
test_c4_side+1_episode42200_no_switch,42200,False,17,0.0166450517615157,0.982614809981808,0.0007401382566761826
test_c4_side+1_episode42200_no_switch,42200,False,18,0.02379927995460226,0.9752997948368525,0.0009009252085452121
test_c4_side+1_episode42200_no_switch,42200,False,19,0.03108949928674777,0.9678029790368353,0.0011075216764169736
test_c4_side+1_episode42200_no_switch,42200,False,20,0.03670475142804295,0.961910086589529,0.001385161982427997
test_c4_side+1_episode42200_no_switch,42200,False,21,0.03962818246430729,0.958729453730818,0.0016423638048747367
test_c4_side+1_episode42200_no_switch,42200,False,22,0.03937174499557447,0.9587117157296535,0.0019165392747720934
test_c4_side+1_episode42200_no_switch,42200,False,23,0.03627775541930272,0.9614370035924352,0.0022852409882620087
test_c4_side+1_episode42200_no_switch,42200,False,24,0.03222159237993357,0.9651300160153252,0.00264839160474107
test_c4_side+1_episode42200_no_switch,42200,False,25,0.027367477213487118,0.9694611177160762,0.0031714050704366955
test_c4_side+1_episode42200_no_switch,42200,False,26,0.026238578347001815,0.967081564557429,0.006679857095569181
test_c4_side+1_episode42200_no_switch,42200,False,27,0.029188055586078045,0.9585851475194322,0.012226796894489689
test_c4_side+1_episode42200_no_switch,42200,False,28,0.046654023164298924,0.9351471215205038,0.0181988553151973
test_c4_side+1_episode42200_no_switch,42200,False,29,0.05681660724902989,0.9168754213631343,0.026307971387835836
test_c4_side+1_episode42200_no_switch,42200,False,30,0.05477299719601956,0.9101259395000991,0.035101063303881345
test_c4_side+1_episode42200_switch_10,42200,True,0,0.3333333333333333,0.3333333333333333,0.3333333333333333
test_c4_side+1_episode42200_switch_10,42200,True,1,0.00037909846803790647,0.9971597649140257,0.002461136617936404
test_c4_side+1_episode42200_switch_10,42200,True,2,0.0017502624315752255,0.9979799440159786,0.0002697935524461849
test_c4_side+1_episode42200_switch_10,42200,True,3,0.0004004903961582485,0.9993897658658293,0.00020974373801250097
test_c4_side+1_episode42200_switch_10,42200,True,4,0.00046104034713150005,0.999501486843643,3.747280922557445e-05
test_c4_side+1_episode42200_switch_10,42200,True,5,0.0006077748656944459,0.9993240609138299,6.816422047570682e-05
test_c4_side+1_episode42200_switch_10,42200,True,6,0.00013444778405440264,0.9998248191286679,4.073308727765231e-05
test_c4_side+1_episode42200_switch_10,42200,True,7,0.00013624073224516626,0.9998145590321181,4.9200235636731146e-05
test_c4_side+1_episode42200_switch_10,42200,True,8,0.0001637165976222345,0.9997767172848142,5.956611756352881e-05
test_c4_side+1_episode42200_switch_10,42200,True,9,0.00023879476119849477,0.999691915661517,6.928957728454254e-05
test_c4_side+1_episode42200_switch_10,42200,True,10,0.000377145496544008,0.9995332031785671,8.965132488894933e-05
test_c4_side+1_episode42200_switch_10,42200,True,11,6.037037830421873e-10,0.012286187554865085,0.9877138118414311
test_c4_side+1_episode42200_switch_10,42200,True,12,2.8274493499200188e-08,0.00011561777020728456,0.9998843539552993
test_c4_side+1_episode42200_switch_10,42200,True,13,1.4797714118728143e-07,0.00011163230996823864,0.9998882197128905
test_c4_side+1_episode42200_switch_10,42200,True,14,1.723202195038069e-08,0.00015630227448483713,0.9998436804934931
test_c4_side+1_episode42200_switch_10,42200,True,15,5.656448829503554e-11,5.473017061325021e-05,0.9999452697728222
test_c4_side+1_episode42200_switch_10,42200,True,16,1.0827317450021891e-15,1.1957401378495176e-06,0.9999988042598611
test_c4_side+1_episode42200_switch_10,42200,True,17,4.876195425158148e-27,1.3626923863323278e-14,0.9999999999999863
test_c4_side+1_episode42200_switch_10,42200,True,18,1.0183543141088352e-36,3.7849580031945084e-29,1.0
test_c4_side+1_episode42200_switch_10,42200,True,19,1.0860950587386038e-40,4.471420511872121e-06,0.999995528579488
test_c4_side+1_episode42200_switch_10,42200,True,20,2.047198290797246e-15,1.1683822518555014e-07,0.9999998831617728
test_c4_side+1_episode42200_switch_10,42200,True,21,3.3529270191244012e-49,1.9123543255446e-09,0.9999999980876457
test_c4_side+1_episode42200_switch_10,42200,True,22,2.2149556765980474e-20,4.22845632513944e-05,0.9999577154367486
test_c4_side+1_episode42200_switch_10,42200,True,23,1.0792350324155162e-15,6.678941691648911e-06,0.9999933210583073
test_c4_side+1_episode42200_switch_10,42200,True,24,7.393150623036981e-16,3.76339278125392e-05,0.9999623660721868
test_c4_side+1_episode42200_switch_10,42200,True,25,1.0894916291795714e-14,1.7303718831186375e-05,0.9999826962811579
test_c4_side+1_episode42200_switch_10,42200,True,26,2.5368126642730115e-08,0.00048400169870390915,0.9995159729331694
test_c4_side+1_episode42200_switch_10,42200,True,27,1.0585543085185291e-12,7.36005836161155e-05,0.9999263994153254
test_c4_side+1_episode42200_switch_10,42200,True,28,2.482439755518338e-13,8.888624723088721e-05,0.9999111137525208
test_c4_side+1_episode42200_switch_10,42200,True,29,1.4082494988525445e-12,0.00024947697902509856,0.9997505230195667
test_c4_side+1_episode42200_switch_10,42200,True,30,1.1041757364425605e-12,0.00020075614797639537,0.9997992438509195
test_c4_side+1_episode42201_no_switch,42201,False,0,0.3333333333333333,0.3333333333333333,0.3333333333333333
test_c4_side+1_episode42201_no_switch,42201,False,1,0.0014115968678247968,0.9957845055930075,0.002803897539167792
test_c4_side+1_episode42201_no_switch,42201,False,2,0.0006984466213030484,0.9991640033885727,0.00013754999012420376
test_c4_side+1_episode42201_no_switch,42201,False,3,0.00021784066024132414,0.999673814804025,0.00010834453573380123
test_c4_side+1_episode42201_no_switch,42201,False,4,0.00016083754118863773,0.9998182974206433,2.0865038168025023e-05
test_c4_side+1_episode42201_no_switch,42201,False,5,0.0004339281268159133,0.9995403560182334,2.571585495075503e-05
test_c4_side+1_episode42201_no_switch,42201,False,6,0.00011501125893601503,0.9998671437333666,1.784500769734929e-05
test_c4_side+1_episode42201_no_switch,42201,False,7,6.703203809977894e-05,0.9999094064779274,2.3561483972846578e-05
test_c4_side+1_episode42201_no_switch,42201,False,8,5.2029006744872645e-05,0.9999149395884567,3.3031404798509975e-05
test_c4_side+1_episode42201_no_switch,42201,False,9,4.99231230579057e-05,0.9999033385324764,4.673834446561657e-05
test_c4_side+1_episode42201_no_switch,42201,False,10,5.9039687256448726e-05,0.9998767712603213,6.41890524223783e-05
test_c4_side+1_episode42201_no_switch,42201,False,11,8.515657911726167e-05,0.9998251166035531,8.972681732967452e-05
test_c4_side+1_episode42201_no_switch,42201,False,12,0.00014349650889100278,0.9997370107335111,0.00011949275759788755
test_c4_side+1_episode42201_no_switch,42201,False,13,0.00025687520621111535,0.999574797534214,0.00016832725957490377
test_c4_side+1_episode42201_no_switch,42201,False,14,0.00047427764712786887,0.9992948330969372,0.0002308892559348554
test_c4_side+1_episode42201_no_switch,42201,False,15,0.0009634413053182881,0.9987441205456263,0.00029243814905525876
test_c4_side+1_episode42201_no_switch,42201,False,16,0.001874196128678797,0.9977508195802087,0.0003749842911124954
test_c4_side+1_episode42201_no_switch,42201,False,17,0.0034350408754818063,0.9960795631593167,0.00048539596520137614
test_c4_side+1_episode42201_no_switch,42201,False,18,0.0063593829132725325,0.9930689153125203,0.0005717017742071064
test_c4_side+1_episode42201_no_switch,42201,False,19,0.010682909242851465,0.9886412565899559,0.0006758341671926486
test_c4_side+1_episode42201_no_switch,42201,False,20,0.01668568422942629,0.9825254455136739,0.0007888702568998137
test_c4_side+1_episode42201_no_switch,42201,False,21,0.02400583779584849,0.9751033628242443,0.0008907993799072628
test_c4_side+1_episode42201_no_switch,42201,False,22,0.03195220077056912,0.9670940638268126,0.0009537354026182926
test_c4_side+1_episode42201_no_switch,42201,False,23,0.03912366672883105,0.9598782211246115,0.000998112146557525
test_c4_side+1_episode42201_no_switch,42201,False,24,0.04348543966713227,0.9554676166973722,0.0010469436354954588
test_c4_side+1_episode42201_no_switch,42201,False,25,0.04554901126535874,0.9533218843619566,0.0011291043726846374
test_c4_side+1_episode42201_no_switch,42201,False,26,0.04409522801544733,0.9546854488279762,0.0012193231565764753
test_c4_side+1_episode42201_no_switch,42201,False,27,0.041349360050272455,0.9572838221082192,0.001366817841508328
test_c4_side+1_episode42201_no_switch,42201,False,28,0.03682378339954269,0.9607702530128133,0.002405963587644067
test_c4_side+1_episode42201_no_switch,42201,False,29,0.03974524844675641,0.9555666399205194,0.004688111632724183
test_c4_side+1_episode42201_no_switch,42201,False,30,0.058297874432635836,0.9332035778276065,0.008498547739757643
test_c4_side+1_episode42201_switch_10,42201,True,0,0.3333333333333333,0.3333333333333333,0.3333333333333333
test_c4_side+1_episode42201_switch_10,42201,True,1,0.0014224230708593827,0.9958389624242941,0.002738614504846441
test_c4_side+1_episode42201_switch_10,42201,True,2,0.0007074836285879655,0.9991578683864325,0.0001346479849794207
test_c4_side+1_episode42201_switch_10,42201,True,3,0.00021457634909596558,0.9996763435397112,0.0001090801111927609
test_c4_side+1_episode42201_switch_10,42201,True,4,0.00015818075033618216,0.9998203856467442,2.143360291957526e-05
test_c4_side+1_episode42201_switch_10,42201,True,5,0.0004375860463720743,0.9995369586820912,2.5455271536525526e-05
test_c4_side+1_episode42201_switch_10,42201,True,6,0.00011344840177458604,0.9998682927376195,1.8258860605821585e-05
test_c4_side+1_episode42201_switch_10,42201,True,7,6.703838480990092e-05,0.9999093880399331,2.3573575256940888e-05
test_c4_side+1_episode42201_switch_10,42201,True,8,5.2241176494874715e-05,0.9999140683030057,3.369052049944499e-05
test_c4_side+1_episode42201_switch_10,42201,True,9,5.107539888711667e-05,0.9999028468731167,4.607772799605987e-05
test_c4_side+1_episode42201_switch_10,42201,True,10,5.853425068084857e-05,0.999876237820105,6.522792921420363e-05
test_c4_side+1_episode42201_switch_10,42201,True,11,8.895300169978859e-12,0.01022752619294078,0.9897724737981639
test_c4_side+1_episode42201_switch_10,42201,True,12,1.862363599060579e-10,5.134460786409567e-05,0.9999486552058996
test_c4_side+1_episode42201_switch_10,42201,True,13,1.3760562833627494e-09,2.9355081357359234e-05,0.9999706435425864
test_c4_side+1_episode42201_switch_10,42201,True,14,1.8501574997135614e-10,2.8566872528350678e-05,0.9999714329424559
test_c4_side+1_episode42201_switch_10,42201,True,15,2.0048866238925539e-13,4.107707133081634e-06,0.9999958922926664
test_c4_side+1_episode42201_switch_10,42201,True,16,7.395048936692881e-20,1.3257720317183197e-08,0.9999999867422796
test_c4_side+1_episode42201_switch_10,42201,True,17,6.450382999198841e-35,3.023084968198329e-20,1.0
test_c4_side+1_episode42201_switch_10,42201,True,18,1.392393053304794e-27,7.851515374439846e-35,1.0
test_c4_side+1_episode42201_switch_10,42201,True,19,9.843042341703911e-18,0.00040548936960051326,0.9995945106303995
test_c4_side+1_episode42201_switch_10,42201,True,20,3.2191168554861796e-20,3.6987414009333316e-08,0.999999963012586
test_c4_side+1_episode42201_switch_10,42201,True,21,1.0465862943543296e-77,4.789728637145787e-16,0.9999999999999996
test_c4_side+1_episode42201_switch_10,42201,True,22,2.552013661676492e-26,3.915482433425787e-09,0.9999999960845176
test_c4_side+1_episode42201_switch_10,42201,True,23,1.7380720215710153e-14,1.7174820275947876e-05,0.9999828251797067
test_c4_side+1_episode42201_switch_10,42201,True,24,6.476823442192831e-14,0.00012372661917833653,0.9998762733807568
test_c4_side+1_episode42201_switch_10,42201,True,25,9.824645424755313e-15,3.063931531970365e-05,0.9999693606846705
test_c4_side+1_episode42201_switch_10,42201,True,26,2.501269711024215e-10,9.105851954289997e-05,0.9999089412303301
test_c4_side+1_episode42201_switch_10,42201,True,27,1.4618975653396852e-14,1.4086801143756167e-05,0.9999859131988417
test_c4_side+1_episode42201_switch_10,42201,True,28,6.054381829590143e-14,5.6609185108724674e-05,0.9999433908148306
test_c4_side+1_episode42201_switch_10,42201,True,29,1.0938586000456154e-13,9.667071721900082e-05,0.9999033292826716
test_c4_side+1_episode42201_switch_10,42201,True,30,1.2620931306243856e-12,0.0001665689015976826,0.9998334310971402
test_c7_side-1_episode70200_no_switch,70200,False,0,0.3333333333333333,0.3333333333333333,0.3333333333333333
test_c7_side-1_episode70200_no_switch,70200,False,1,0.0004935598818350221,0.9977294626906781,0.0017769774274870086
test_c7_side-1_episode70200_no_switch,70200,False,2,0.004198448190221991,0.9956465313088714,0.0001550205009066928
test_c7_side-1_episode70200_no_switch,70200,False,3,0.001001435672744278,0.9983281479877468,0.0006704163395089673
test_c7_side-1_episode70200_no_switch,70200,False,4,0.0020786858777049537,0.9978288881584443,9.242596385079602e-05
test_c7_side-1_episode70200_no_switch,70200,False,5,0.00349721039528195,0.9962897214895595,0.00021306811515862253
test_c7_side-1_episode70200_no_switch,70200,False,6,0.00038709313570977136,0.9994843886722871,0.0001285181920032146
test_c7_side-1_episode70200_no_switch,70200,False,7,1.3338977108051347e-05,0.9999240132280207,6.264779487121904e-05
test_c7_side-1_episode70200_no_switch,70200,False,8,1.6225925462047835e-05,0.9999007765264161,8.299754812183199e-05
test_c7_side-1_episode70200_no_switch,70200,False,9,2.0890160487564808e-05,0.9998685300915667,0.0001105797479456515
test_c7_side-1_episode70200_no_switch,70200,False,10,2.6945060922523052e-05,0.9998155091809057,0.00015754575817179613
test_c7_side-1_episode70200_no_switch,70200,False,11,3.621229843368957e-05,0.9997387681864836,0.0002250195150828171
test_c7_side-1_episode70200_no_switch,70200,False,12,5.0060317611545054e-05,0.9996279817087823,0.0003219579736060859
test_c7_side-1_episode70200_no_switch,70200,False,13,6.726761363874347e-05,0.9994484666555831,0.0004842657307781989
test_c7_side-1_episode70200_no_switch,70200,False,14,9.06220501691067e-05,0.9991859796372258,0.0007233983126051366
test_c7_side-1_episode70200_no_switch,70200,False,15,0.00012845401964792913,0.998851230751567,0.0010203152287850937
test_c7_side-1_episode70200_no_switch,70200,False,16,0.000175530357689664,0.9983531071266448,0.0014713625156654116
test_c7_side-1_episode70200_no_switch,70200,False,17,0.00023730942864962255,0.9976643171969228,0.002098373374427465
test_c7_side-1_episode70200_no_switch,70200,False,18,0.0003172002558776803,0.9967326238510191,0.0029501758931032374
test_c7_side-1_episode70200_no_switch,70200,False,19,0.00044908123815410174,0.9956483644704304,0.0039025542914154793
test_c7_side-1_episode70200_no_switch,70200,False,20,0.0005988373855751082,0.9941668268606534,0.0052343357537715084
test_c7_side-1_episode70200_no_switch,70200,False,21,0.0008081559434865883,0.9923767078772884,0.006815136179224929
test_c7_side-1_episode70200_no_switch,70200,False,22,0.0010741002005079392,0.9902258259783654,0.008700073821126659
test_c7_side-1_episode70200_no_switch,70200,False,23,0.0014044489379196347,0.9876943455271514,0.01090120553492893
test_c7_side-1_episode70200_no_switch,70200,False,24,0.0018404630568110993,0.9847181230911104,0.013441413852078544
test_c7_side-1_episode70200_no_switch,70200,False,25,0.0023389561915459498,0.9765152953736174,0.021145748434836596
test_c7_side-1_episode70200_no_switch,70200,False,26,0.007379849493934821,0.9610495009809187,0.031570649525146564
test_c7_side-1_episode70200_no_switch,70200,False,27,0.014254252909224548,0.9509624752958141,0.03478327179496132
test_c7_side-1_episode70200_no_switch,70200,False,28,0.02329711460196635,0.9593044778258132,0.01739840757222049
test_c7_side-1_episode70200_no_switch,70200,False,29,0.03175371583482265,0.9630939790783659,0.0051523050868115365
test_c7_side-1_episode70200_no_switch,70200,False,30,0.037526415162225386,0.9578710356103304,0.004602549227444249
test_c7_side-1_episode70200_switch_10,70200,True,0,0.3333333333333333,0.3333333333333333,0.3333333333333333
test_c7_side-1_episode70200_switch_10,70200,True,1,0.0004873313516520103,0.9977591330264183,0.0017535356219296695
test_c7_side-1_episode70200_switch_10,70200,True,2,0.004223191169438089,0.9956226900296696,0.0001541188008921161
test_c7_side-1_episode70200_switch_10,70200,True,3,0.000982849616988041,0.9983300773656962,0.0006870730173156377
test_c7_side-1_episode70200_switch_10,70200,True,4,0.002086464135371154,0.9978233773112654,9.015855336349778e-05
test_c7_side-1_episode70200_switch_10,70200,True,5,0.003518118307289044,0.9962630149300135,0.00021886676269740007
test_c7_side-1_episode70200_switch_10,70200,True,6,0.00038721176921760426,0.999483474658409,0.00012931357237337576
test_c7_side-1_episode70200_switch_10,70200,True,7,1.3715322776041875e-05,0.999924190988477,6.209368874700788e-05
test_c7_side-1_episode70200_switch_10,70200,True,8,1.6401561387742432e-05,0.9999021424046987,8.145603391362956e-05
test_c7_side-1_episode70200_switch_10,70200,True,9,2.0726157745643555e-05,0.9998678105492355,0.00011146329301898654
test_c7_side-1_episode70200_switch_10,70200,True,10,2.720479826482002e-05,0.9998172649920878,0.00015553020964747234
test_c7_side-1_episode70200_switch_10,70200,True,11,2.130191105794819e-13,0.02881194258919887,0.971188057410588
test_c7_side-1_episode70200_switch_10,70200,True,12,2.131790503401384e-12,0.0003101072024379066,0.9996898927954303
test_c7_side-1_episode70200_switch_10,70200,True,13,1.368070666279218e-12,0.0001099366019068141,0.9998900633967251
test_c7_side-1_episode70200_switch_10,70200,True,14,1.8898572182025765e-14,1.933796245752315e-05,0.9999806620375237
test_c7_side-1_episode70200_switch_10,70200,True,15,8.615380842097148e-19,2.166093999351566e-07,0.9999997833906001
test_c7_side-1_episode70200_switch_10,70200,True,16,3.187575860267668e-26,1.6195671642724354e-13,0.999999999999838
test_c7_side-1_episode70200_switch_10,70200,True,17,9.767514986439517e-39,2.695448543024565e-37,1.0
test_c7_side-1_episode70200_switch_10,70200,True,18,5.174078753097232e-69,6.633061840797247e-32,1.0
test_c7_side-1_episode70200_switch_10,70200,True,19,2.2402169842272706e-12,0.0003541330826345502,0.9996458669151251
test_c7_side-1_episode70200_switch_10,70200,True,20,5.352096308110236e-07,0.00027830979724040864,0.9997211549931289
test_c7_side-1_episode70200_switch_10,70200,True,21,2.2445046846664717e-11,5.820431898954131e-05,0.9999417956585653
test_c7_side-1_episode70200_switch_10,70200,True,22,2.269974867374821e-12,1.6161225844226973e-05,0.9999838387718859
test_c7_side-1_episode70200_switch_10,70200,True,23,2.0948670600272147e-15,4.7167570654901575e-06,0.9999952832429324
test_c7_side-1_episode70200_switch_10,70200,True,24,9.84609163430283e-15,4.8513632653715014e-05,0.9999514863673364
test_c7_side-1_episode70200_switch_10,70200,True,25,1.0004527905656294e-13,7.556984710878882e-05,0.9999244301527912
test_c7_side-1_episode70200_switch_10,70200,True,26,3.1140290218384422e-12,0.00018519152052661858,0.9998148084763594
test_c7_side-1_episode70200_switch_10,70200,True,27,6.948045666333014e-11,0.0003162582098835661,0.999683741720636
test_c7_side-1_episode70200_switch_10,70200,True,28,1.372525719135031e-09,0.0005506367702288337,0.9994493618572454
test_c7_side-1_episode70200_switch_10,70200,True,29,3.3024959134791534e-09,0.0007033086094388239,0.9992966880880653
test_c7_side-1_episode70200_switch_10,70200,True,30,8.604340874098962e-09,0.0009424956501614439,0.9990574957454977
test_c7_side-1_episode70201_no_switch,70201,False,0,0.3333333333333333,0.3333333333333333,0.3333333333333333
test_c7_side-1_episode70201_no_switch,70201,False,1,0.0015310583434151126,0.9961927783102946,0.0022761633462901987
test_c7_side-1_episode70201_no_switch,70201,False,2,0.004282589313763759,0.9956079094830064,0.00010950120322977832
test_c7_side-1_episode70201_no_switch,70201,False,3,0.0030040925900616743,0.9967137883486685,0.00028211906126993883
test_c7_side-1_episode70201_no_switch,70201,False,4,0.0021545335769862857,0.9977775770809019,6.788934211186729e-05
test_c7_side-1_episode70201_no_switch,70201,False,5,0.0032181891257502832,0.9966310044174597,0.00015080645679000374
test_c7_side-1_episode70201_no_switch,70201,False,6,0.00043489672767413085,0.9994745893038988,9.051396842702716e-05
test_c7_side-1_episode70201_no_switch,70201,False,7,1.5656755683413574e-05,0.9999496584302155,3.468481410109302e-05
test_c7_side-1_episode70201_no_switch,70201,False,8,1.8655994232968046e-05,0.999949102243696,3.2241762070964396e-05
test_c7_side-1_episode70201_no_switch,70201,False,9,2.4091641199873555e-05,0.9999398414501893,3.606690861072821e-05
test_c7_side-1_episode70201_no_switch,70201,False,10,3.213169510824628e-05,0.9999232737493838,4.4594555507837904e-05
test_c7_side-1_episode70201_no_switch,70201,False,11,4.316126799574084e-05,0.9998994968317887,5.734190021554281e-05
test_c7_side-1_episode70201_no_switch,70201,False,12,5.472312231543786e-05,0.9998588976158411,8.637926184342446e-05
test_c7_side-1_episode70201_no_switch,70201,False,13,7.09035369700846e-05,0.9998039794592211,0.00012511700380886723
test_c7_side-1_episode70201_no_switch,70201,False,14,9.290291607889533e-05,0.9997202778037128,0.00018681928020839174
test_c7_side-1_episode70201_no_switch,70201,False,15,0.00011804451451399564,0.9995906787126267,0.0002912767728592442
test_c7_side-1_episode70201_no_switch,70201,False,16,0.00014702279669807152,0.9993779498242004,0.00047502737910156496
test_c7_side-1_episode70201_no_switch,70201,False,17,0.0001930701586739685,0.9990722723311407,0.0007346575101852159
test_c7_side-1_episode70201_no_switch,70201,False,18,0.00025660404586651156,0.998613014527718,0.0011303814264156176
test_c7_side-1_episode70201_no_switch,70201,False,19,0.0003455906835860864,0.9979552574221761,0.0016991518942379568
test_c7_side-1_episode70201_no_switch,70201,False,20,0.00046355320769453476,0.9969922402657205,0.002544206526584948
test_c7_side-1_episode70201_no_switch,70201,False,21,0.0006344806261348027,0.9956927566313015,0.0036727627425635844
test_c7_side-1_episode70201_no_switch,70201,False,22,0.0008670744405124271,0.9939184842294098,0.0052144413300777084
test_c7_side-1_episode70201_no_switch,70201,False,23,0.0011819490823816155,0.9916635409638082,0.007154509953810281
test_c7_side-1_episode70201_no_switch,70201,False,24,0.0015781629324312946,0.9886147914979974,0.00980704556957137
test_c7_side-1_episode70201_no_switch,70201,False,25,0.0020929304378390027,0.984941067681634,0.012966001880526924
test_c7_side-1_episode70201_no_switch,70201,False,26,0.002676334862851267,0.9801712105316157,0.01715245460553309
test_c7_side-1_episode70201_no_switch,70201,False,27,0.0032823369817156756,0.9743370937322064,0.022380569286077866
test_c7_side-1_episode70201_no_switch,70201,False,28,0.008765347871422406,0.9593218423768144,0.03191280975176324
test_c7_side-1_episode70201_no_switch,70201,False,29,0.013936760762923266,0.9525192198834264,0.03354401935365039
test_c7_side-1_episode70201_no_switch,70201,False,30,0.020811962560764386,0.9609147067351826,0.018273330704052994
test_c7_side-1_episode70201_switch_10,70201,True,0,0.3333333333333333,0.3333333333333333,0.3333333333333333
test_c7_side-1_episode70201_switch_10,70201,True,1,0.001532384185193048,0.996182932476573,0.002284683338233856
test_c7_side-1_episode70201_switch_10,70201,True,2,0.004347385631234114,0.9955452285016421,0.00010738586712380294
test_c7_side-1_episode70201_switch_10,70201,True,3,0.0030328298663281424,0.9966840528696773,0.00028311726399462336
test_c7_side-1_episode70201_switch_10,70201,True,4,0.0021647303021953787,0.9977673184979685,6.795119983617118e-05
test_c7_side-1_episode70201_switch_10,70201,True,5,0.003235512057676032,0.9966142168764429,0.00015027106588105048
test_c7_side-1_episode70201_switch_10,70201,True,6,0.0004365522260085055,0.9994736547054849,8.979306850659312e-05
test_c7_side-1_episode70201_switch_10,70201,True,7,1.5832884925996034e-05,0.9999506947062199,3.3472408854087116e-05
test_c7_side-1_episode70201_switch_10,70201,True,8,1.860610819735608e-05,0.9999489211182578,3.247277354480299e-05
test_c7_side-1_episode70201_switch_10,70201,True,9,2.3895816605690045e-05,0.9999392799798402,3.6824203554014124e-05
test_c7_side-1_episode70201_switch_10,70201,True,10,3.2452417509249436e-05,0.999923389822808,4.4157759682728803e-05
test_c7_side-1_episode70201_switch_10,70201,True,11,1.7882598245125288e-13,0.04646035609798178,0.9535396439018393
test_c7_side-1_episode70201_switch_10,70201,True,12,6.102629159696087e-13,0.0005744895119259998,0.9994255104874638
test_c7_side-1_episode70201_switch_10,70201,True,13,1.9092962104608744e-13,0.00011016604243887727,0.9998898339573702
test_c7_side-1_episode70201_switch_10,70201,True,14,2.4520027138413806e-15,1.5502012090126194e-05,0.9999844979879073
test_c7_side-1_episode70201_switch_10,70201,True,15,1.7834205819582482e-19,1.7634558053944243e-07,0.9999998236544194
test_c7_side-1_episode70201_switch_10,70201,True,16,3.8495732582828905e-26,9.212708698989527e-12,0.9999999999907874
test_c7_side-1_episode70201_switch_10,70201,True,17,2.6793586559884838e-37,5.440067781650624e-29,1.0
test_c7_side-1_episode70201_switch_10,70201,True,18,1.6645636193353772e-62,2.9639188117185874e-26,1.0
test_c7_side-1_episode70201_switch_10,70201,True,19,2.2626415805392993e-14,8.846167049699085e-05,0.9999115383294804
test_c7_side-1_episode70201_switch_10,70201,True,20,1.0003819000861954e-16,5.301979922871549e-10,0.9999999994698019
test_c7_side-1_episode70201_switch_10,70201,True,21,4.0409129802903837e-13,6.2601047136131824e-06,0.9999937398948823
test_c7_side-1_episode70201_switch_10,70201,True,22,3.4094785564064436e-11,3.660538581421832e-05,0.999963394580091
test_c7_side-1_episode70201_switch_10,70201,True,23,9.316228665858165e-15,1.9548344267346398e-05,0.9999804516557234
test_c7_side-1_episode70201_switch_10,70201,True,24,4.376934242515675e-15,3.6057279983959706e-05,0.9999639427200118
test_c7_side-1_episode70201_switch_10,70201,True,25,1.344911631610511e-13,9.490806045360614e-05,0.9999050919394119
test_c7_side-1_episode70201_switch_10,70201,True,26,1.5962555401112458e-12,0.00017629361397706345,0.9998237063844266
test_c7_side-1_episode70201_switch_10,70201,True,27,1.1891181081553556e-11,0.00024966299656662013,0.9997503369915421
test_c7_side-1_episode70201_switch_10,70201,True,28,1.836533509812242e-10,0.0005477713970602311,0.9994522284192864
test_c7_side-1_episode70201_switch_10,70201,True,29,5.648248627920307e-10,0.0006179007710807281,0.9993820986640944
test_c7_side-1_episode70201_switch_10,70201,True,30,3.3794069670557234e-09,0.0008293533116366638,0.9991706433089564
test_c7_side+1_episode72200_no_switch,72200,False,0,0.3333333333333333,0.3333333333333333,0.3333333333333333
test_c7_side+1_episode72200_no_switch,72200,False,1,0.00133882782496785,0.9965539198848221,0.0021072522902100526
test_c7_side+1_episode72200_no_switch,72200,False,2,0.001110667546306291,0.9987085548008697,0.00018077765282397198
test_c7_side+1_episode72200_no_switch,72200,False,3,0.0006681399761082272,0.9989669884740612,0.00036487154983052216
test_c7_side+1_episode72200_no_switch,72200,False,4,0.0012543411871315544,0.9986478857896873,9.777302318125668e-05
test_c7_side+1_episode72200_no_switch,72200,False,5,0.0018197022578987669,0.9980994837375059,8.0814004595366e-05
test_c7_side+1_episode72200_no_switch,72200,False,6,0.0005928492777058264,0.9993332760218795,7.387470041462049e-05
test_c7_side+1_episode72200_no_switch,72200,False,7,0.0003401337404899349,0.9995664948054027,9.337145410741558e-05
test_c7_side+1_episode72200_no_switch,72200,False,8,0.0002483118175978962,0.9996338011403602,0.00011788704204190746
test_c7_side+1_episode72200_no_switch,72200,False,9,0.00025012996968197293,0.9996040914418423,0.00014577858847576012
test_c7_side+1_episode72200_no_switch,72200,False,10,0.0002988100198959738,0.9994991386393945,0.00020205134070940293
test_c7_side+1_episode72200_no_switch,72200,False,11,0.0004509206843465002,0.9992832961361299,0.0002657831795236095
test_c7_side+1_episode72200_no_switch,72200,False,12,0.0007093616397318977,0.9989226844085575,0.0003679539517106742
test_c7_side+1_episode72200_no_switch,72200,False,13,0.001199886831799161,0.9983388691337219,0.00046124403447886977
test_c7_side+1_episode72200_no_switch,72200,False,14,0.0021399319684145207,0.9973126888286183,0.0005473792029670726
test_c7_side+1_episode72200_no_switch,72200,False,15,0.0038599701818524527,0.9955278681559047,0.0006121616622428407
test_c7_side+1_episode72200_no_switch,72200,False,16,0.006978083108955221,0.9923315802423229,0.0006903366487219111
test_c7_side+1_episode72200_no_switch,72200,False,17,0.012433061779385747,0.9868228922224158,0.0007440459981983567
test_c7_side+1_episode72200_no_switch,72200,False,18,0.021835048353604513,0.977434460466254,0.0007304911801414127
test_c7_side+1_episode72200_no_switch,72200,False,19,0.03570338378957311,0.9635796915821141,0.0007169246283126976
test_c7_side+1_episode72200_no_switch,72200,False,20,0.053465930721758016,0.9457824697662366,0.0007515995120053828
test_c7_side+1_episode72200_no_switch,72200,False,21,0.07589027420276794,0.9233908499893558,0.0007188758078761601
test_c7_side+1_episode72200_no_switch,72200,False,22,0.09796446038470746,0.9012910829199798,0.0007444566953127605
test_c7_side+1_episode72200_no_switch,72200,False,23,0.11930244343842462,0.8798544848538322,0.0008430717077430642
test_c7_side+1_episode72200_no_switch,72200,False,24,0.14494554669869136,0.8542774463844431,0.0007770069168654523
test_c7_side+1_episode72200_no_switch,72200,False,25,0.16473594946689687,0.8343366129882803,0.0009274375448227335
test_c7_side+1_episode72200_no_switch,72200,False,26,0.17308322478426091,0.8247618637966642,0.0021549114190749733
test_c7_side+1_episode72200_no_switch,72200,False,27,0.16275673189963782,0.8342662440273003,0.0029770240730619822
test_c7_side+1_episode72200_no_switch,72200,False,28,0.14172801846467242,0.8533952870840251,0.004876694451302482
test_c7_side+1_episode72200_no_switch,72200,False,29,0.11461938882059268,0.8765606657104599,0.008819945468947514
test_c7_side+1_episode72200_no_switch,72200,False,30,0.015060682143397404,0.9747514690210626,0.010187848835540088
test_c7_side+1_episode72200_switch_10,72200,True,0,0.3333333333333333,0.3333333333333333,0.3333333333333333
test_c7_side+1_episode72200_switch_10,72200,True,1,0.0012618253594700898,0.9965458345752184,0.002192340065311549
test_c7_side+1_episode72200_switch_10,72200,True,2,0.0011326761346282556,0.998690503729696,0.0001768201356756984
test_c7_side+1_episode72200_switch_10,72200,True,3,0.0006662572554911271,0.9989686648224109,0.0003650779220980971
test_c7_side+1_episode72200_switch_10,72200,True,4,0.0012505524822475718,0.9986501805100874,9.926700766506837e-05
test_c7_side+1_episode72200_switch_10,72200,True,5,0.0018240586156312048,0.9980954039914017,8.053739296705982e-05
test_c7_side+1_episode72200_switch_10,72200,True,6,0.0005783015385304107,0.9993455835959443,7.611486552524299e-05
test_c7_side+1_episode72200_switch_10,72200,True,7,0.0003356103628149552,0.9995710356920786,9.335394510641155e-05
test_c7_side+1_episode72200_switch_10,72200,True,8,0.00024955531323597155,0.9996347347865802,0.00011570990018387052
test_c7_side+1_episode72200_switch_10,72200,True,9,0.00023977961473315787,0.9996102098765306,0.00015001050873620562
test_c7_side+1_episode72200_switch_10,72200,True,10,0.0003003485825854574,0.9994974485615022,0.00020220285591222674
test_c7_side+1_episode72200_switch_10,72200,True,11,2.141758603652885e-09,0.034185570161557745,0.9658144276966836
test_c7_side+1_episode72200_switch_10,72200,True,12,1.833617578185558e-08,0.0003983032372403191,0.9996016784265839
test_c7_side+1_episode72200_switch_10,72200,True,13,6.99037477072893e-08,0.0004494685010695581,0.9995504615951827
test_c7_side+1_episode72200_switch_10,72200,True,14,1.347338694286766e-08,0.0007623106996828038,0.9992376758269303
test_c7_side+1_episode72200_switch_10,72200,True,15,1.3295232020907756e-10,0.00043002766806732247,0.9995699721989804
test_c7_side+1_episode72200_switch_10,72200,True,16,3.1523744944463017e-15,3.807595871171124e-05,0.9999619240412851
test_c7_side+1_episode72200_switch_10,72200,True,17,1.1473225453014484e-27,1.3372941779382875e-09,0.9999999986627058
test_c7_side+1_episode72200_switch_10,72200,True,18,5.522653353284365e-65,3.749356676572912e-18,1.0
test_c7_side+1_episode72200_switch_10,72200,True,19,3.083025224034137e-20,8.233656551735627e-05,0.9999176634344826
test_c7_side+1_episode72200_switch_10,72200,True,20,2.1180142083445105e-13,4.294923673186591e-05,0.9999570507630564
test_c7_side+1_episode72200_switch_10,72200,True,21,1.0672571434266962e-26,0.013101297653418187,0.9868987023465818
test_c7_side+1_episode72200_switch_10,72200,True,22,1.6068859103668331e-55,6.8949652933136044e-12,0.9999999999931051
test_c7_side+1_episode72200_switch_10,72200,True,23,3.333106726576217e-17,1.2770499337070917e-06,0.9999987229500663
test_c7_side+1_episode72200_switch_10,72200,True,24,2.180857117044703e-14,5.6154409049710395e-05,0.9999438455909284
test_c7_side+1_episode72200_switch_10,72200,True,25,3.813121354630048e-16,6.29552750958084e-05,0.9999370447249039
test_c7_side+1_episode72200_switch_10,72200,True,26,7.007768494953083e-10,0.0005982067921565749,0.9994017925070665
test_c7_side+1_episode72200_switch_10,72200,True,27,2.7700036292451347e-12,4.4278937322741415e-05,0.9999557210599073
test_c7_side+1_episode72200_switch_10,72200,True,28,6.582982272424524e-12,0.0002440133146179217,0.9997559866787991
test_c7_side+1_episode72200_switch_10,72200,True,29,1.7854871094009123e-12,0.0002565872863542615,0.9997434127118603
test_c7_side+1_episode72200_switch_10,72200,True,30,3.043573605937378e-12,0.0003348660375184616,0.999665133959438
test_c7_side+1_episode72201_no_switch,72201,False,0,0.3333333333333333,0.3333333333333333,0.3333333333333333
test_c7_side+1_episode72201_no_switch,72201,False,1,0.0024133175797225134,0.9949825343107745,0.002604148109502911
test_c7_side+1_episode72201_no_switch,72201,False,2,0.0009120860432094374,0.998938152944772,0.0001497610120184977
test_c7_side+1_episode72201_no_switch,72201,False,3,0.00039026641687773714,0.9992678496791236,0.0003418839039986166
test_c7_side+1_episode72201_no_switch,72201,False,4,0.0007149851070707901,0.9991980752876499,8.693960527927344e-05
test_c7_side+1_episode72201_no_switch,72201,False,5,0.0017863476451829452,0.9981515259720984,6.212638271858982e-05
test_c7_side+1_episode72201_no_switch,72201,False,6,0.0006742865572454165,0.9992763389624417,4.9374480312866335e-05
test_c7_side+1_episode72201_no_switch,72201,False,7,0.0003438605359292094,0.9995925681226047,6.357134146611574e-05
test_c7_side+1_episode72201_no_switch,72201,False,8,0.0002188016678159609,0.9996964838927211,8.471443946287268e-05
test_c7_side+1_episode72201_no_switch,72201,False,9,0.00018296581868487374,0.9997066282914346,0.00011040588988046803
test_c7_side+1_episode72201_no_switch,72201,False,10,0.00019571836663928127,0.9996527753771589,0.0001515062562017668
test_c7_side+1_episode72201_no_switch,72201,False,11,0.0002707117290626045,0.9995238863220319,0.00020540194890545553
test_c7_side+1_episode72201_no_switch,72201,False,12,0.00041426162956203035,0.9993162020816783,0.00026953628875965694
test_c7_side+1_episode72201_no_switch,72201,False,13,0.0007056304781379203,0.9989554412082401,0.00033892831362207477
test_c7_side+1_episode72201_no_switch,72201,False,14,0.0013118634877439372,0.998278772938216,0.00040936357404004666
test_c7_side+1_episode72201_no_switch,72201,False,15,0.0024748585388549346,0.9970317424654256,0.0004933989957194203
test_c7_side+1_episode72201_no_switch,72201,False,16,0.004966850089449936,0.994487415056027,0.0005457348545231248
test_c7_side+1_episode72201_no_switch,72201,False,17,0.00929767409145526,0.9900833760227027,0.0006189498858420805
test_c7_side+1_episode72201_no_switch,72201,False,18,0.017101519220288512,0.982254880499136,0.0006436002805754858
test_c7_side+1_episode72201_no_switch,72201,False,19,0.029521956480416705,0.9698153077618944,0.0006627357576888875
test_c7_side+1_episode72201_no_switch,72201,False,20,0.04752300056064041,0.9517999455358649,0.0006770539034946224
test_c7_side+1_episode72201_no_switch,72201,False,21,0.07126068893226893,0.9280450360750121,0.0006942749927189625
test_c7_side+1_episode72201_no_switch,72201,False,22,0.0971107947839335,0.9021820938482735,0.0007071113677930591
test_c7_side+1_episode72201_no_switch,72201,False,23,0.12165133580458481,0.8775876054982484,0.0007610586971668324
test_c7_side+1_episode72201_no_switch,72201,False,24,0.14856421081445834,0.850692148519291,0.0007436406662507415
test_c7_side+1_episode72201_no_switch,72201,False,25,0.17039273833650456,0.8287243100303251,0.0008829516331703122
test_c7_side+1_episode72201_no_switch,72201,False,26,0.1908440542984999,0.8080020109486553,0.0011539347528448083
test_c7_side+1_episode72201_no_switch,72201,False,27,0.20707585330471742,0.7908447231812933,0.0020794235139892548
test_c7_side+1_episode72201_no_switch,72201,False,28,0.22180918769033506,0.7745628628512837,0.003627949458381211
test_c7_side+1_episode72201_no_switch,72201,False,29,0.2240874660851332,0.7712548446093501,0.004657689305516577
test_c7_side+1_episode72201_no_switch,72201,False,30,0.23318965236499123,0.7583022415245069,0.008508106110501783
test_c7_side+1_episode72201_switch_10,72201,True,0,0.3333333333333333,0.3333333333333333,0.3333333333333333
test_c7_side+1_episode72201_switch_10,72201,True,1,0.0023800458168386812,0.9950043444027192,0.0026156097804420596
test_c7_side+1_episode72201_switch_10,72201,True,2,0.0009018749166782578,0.9989471156235455,0.00015100945977616274
test_c7_side+1_episode72201_switch_10,72201,True,3,0.00038852688897221804,0.9992687524087831,0.0003427207022446992
test_c7_side+1_episode72201_switch_10,72201,True,4,0.0006987098536230813,0.9992104031345205,9.0887011856446e-05
test_c7_side+1_episode72201_switch_10,72201,True,5,0.0017727847096557189,0.9981644503718402,6.276491850412002e-05
test_c7_side+1_episode72201_switch_10,72201,True,6,0.0006607073559631628,0.9992878104365595,5.1482207477460775e-05
test_c7_side+1_episode72201_switch_10,72201,True,7,0.00034957803774866787,0.9995875226638945,6.289929835674367e-05
test_c7_side+1_episode72201_switch_10,72201,True,8,0.00022448494549187585,0.9996921932289105,8.332182559777131e-05
test_c7_side+1_episode72201_switch_10,72201,True,9,0.00018510796073575468,0.9997041267804376,0.00011076525882660644
test_c7_side+1_episode72201_switch_10,72201,True,10,0.00019741091816016524,0.9996496216105792,0.0001529674712606022
test_c7_side+1_episode72201_switch_10,72201,True,11,9.544478466354607e-10,0.05065065178973682,0.9493493472558152
test_c7_side+1_episode72201_switch_10,72201,True,12,3.3643030159454e-09,0.0005034003149493817,0.9994965963207475
test_c7_side+1_episode72201_switch_10,72201,True,13,1.4851629818058124e-08,0.0003452187298910294,0.9996547664184792
test_c7_side+1_episode72201_switch_10,72201,True,14,2.9354901615074313e-09,0.0005092163623751644,0.9994907807021347
test_c7_side+1_episode72201_switch_10,72201,True,15,1.945111142449178e-11,0.00024240990524332913,0.9997575900753056
test_c7_side+1_episode72201_switch_10,72201,True,16,8.249976953827371e-17,1.1591311460086476e-05,0.9999884086885398
test_c7_side+1_episode72201_switch_10,72201,True,17,1.019473759938425e-28,2.253830653533455e-10,0.999999999774617
test_c7_side+1_episode72201_switch_10,72201,True,18,2.9715710445553365e-94,1.566920153224869e-61,1.0
test_c7_side+1_episode72201_switch_10,72201,True,19,3.9456548529994034e-24,0.07024195386541357,0.9297580461345865
test_c7_side+1_episode72201_switch_10,72201,True,20,3.616757542636155e-19,8.01649789641761e-07,0.9999991983502103
test_c7_side+1_episode72201_switch_10,72201,True,21,9.17963583194531e-41,1.552672645260059e-06,0.9999984473273548
test_c7_side+1_episode72201_switch_10,72201,True,22,6.081463220032466e-32,3.993532400397699e-06,0.9999960064675996
test_c7_side+1_episode72201_switch_10,72201,True,23,5.4816617612204335e-17,3.517150437532063e-06,0.9999964828495623
test_c7_side+1_episode72201_switch_10,72201,True,24,8.73311044398995e-14,8.440763135644257e-05,0.9999155923685562
test_c7_side+1_episode72201_switch_10,72201,True,25,2.0770797728383314e-14,4.0166583555553056e-05,0.9999598334164236
test_c7_side+1_episode72201_switch_10,72201,True,26,1.2494454360789722e-09,0.00017633174825754067,0.9998236670022971
test_c7_side+1_episode72201_switch_10,72201,True,27,2.143045432510837e-13,3.941104980441428e-05,0.9999605889499813
test_c7_side+1_episode72201_switch_10,72201,True,28,6.952063999213131e-14,6.896259619587092e-05,0.9999310374037347
test_c7_side+1_episode72201_switch_10,72201,True,29,2.706651297203227e-12,0.00027634801301797487,0.9997236519842754
test_c7_side+1_episode72201_switch_10,72201,True,30,3.034388268868107e-12,0.00024228510736542567,0.9997577148896002
