model,reference_trajectory,source_episode_id,prediction_step,valid_endpoints,error_sum_mm
diffusion,test_c00_side-1,200,1,48,22.892868976441957
diffusion,test_c00_side-1,200,2,48,60.26905719178711
diffusion,test_c00_side-1,200,3,48,96.89355702173773
diffusion,test_c00_side-1,200,4,48,182.91546512445407
diffusion,test_c00_side-1,200,5,48,286.4793333162972
diffusion,test_c00_side-1,200,6,48,376.56983729651705
diffusion,test_c00_side+1,2200,1,48,18.137567493630232
diffusion,test_c00_side+1,2200,2,48,39.26488740849427
diffusion,test_c00_side+1,2200,3,48,60.8076010629057
diffusion,test_c00_side+1,2200,4,48,84.99626646363174
diffusion,test_c00_side+1,2200,5,48,148.46525876851916
diffusion,test_c00_side+1,2200,6,48,265.00491900509553
diffusion,test_c01_side-1,10200,1,48,26.588779392191153
diffusion,test_c01_side-1,10200,2,48,58.09259361746879
diffusion,test_c01_side-1,10200,3,48,104.21754052885314
diffusion,test_c01_side-1,10200,4,48,164.47874128892687
diffusion,test_c01_side-1,10200,5,48,289.1390038336515
diffusion,test_c01_side-1,10200,6,48,416.6154810352108
diffusion,test_c01_side+1,12200,1,48,19.83019856503338
diffusion,test_c01_side+1,12200,2,48,39.66518162991414
diffusion,test_c01_side+1,12200,3,48,41.04814030984994
diffusion,test_c01_side+1,12200,4,48,73.80505758622985
diffusion,test_c01_side+1,12200,5,48,110.36453068117642
diffusion,test_c01_side+1,12200,6,48,155.73255293570753
diffusion,test_c02_side-1,20200,1,48,42.82982564239522
diffusion,test_c02_side-1,20200,2,48,94.5025748239202
diffusion,test_c02_side-1,20200,3,48,180.24866860435435
diffusion,test_c02_side-1,20200,4,45,249.89259675519966
diffusion,test_c02_side-1,20200,5,43,321.6950286651431
diffusion,test_c02_side-1,20200,6,42,431.23556801699624
diffusion,test_c02_side+1,22200,1,48,17.468137112821335
diffusion,test_c02_side+1,22200,2,48,41.12049026386993
diffusion,test_c02_side+1,22200,3,48,73.26813934297024
diffusion,test_c02_side+1,22200,4,48,91.71043861690652
diffusion,test_c02_side+1,22200,5,48,144.6114068075764
diffusion,test_c02_side+1,22200,6,48,218.59921007997593
diffusion,test_c03_side-1,30200,1,48,21.145320346579382
diffusion,test_c03_side-1,30200,2,48,42.63437427323132
diffusion,test_c03_side-1,30200,3,48,68.24417748004257
diffusion,test_c03_side-1,30200,4,48,96.13527613447613
diffusion,test_c03_side-1,30200,5,48,115.41717815223468
diffusion,test_c03_side-1,30200,6,48,189.4172143550974
diffusion,test_c03_side+1,32200,1,48,28.090087972320966
diffusion,test_c03_side+1,32200,2,48,55.58716333266826
diffusion,test_c03_side+1,32200,3,48,79.207782572561
diffusion,test_c03_side+1,32200,4,48,166.11361717193824
diffusion,test_c03_side+1,32200,5,48,300.96775211120195
diffusion,test_c03_side+1,32200,6,45,462.08620907250787
diffusion,test_c04_side-1,40200,1,48,25.93445132939081
diffusion,test_c04_side-1,40200,2,48,43.959828706821426
diffusion,test_c04_side-1,40200,3,48,68.59204832877155
diffusion,test_c04_side-1,40200,4,48,96.80941874850801
diffusion,test_c04_side-1,40200,5,48,164.7698506022035
diffusion,test_c04_side-1,40200,6,48,229.97865148700248
diffusion,test_c04_side+1,42200,1,48,19.12823988156692
diffusion,test_c04_side+1,42200,2,48,40.508302372605414
diffusion,test_c04_side+1,42200,3,48,64.27672676013819
diffusion,test_c04_side+1,42200,4,48,90.8597845323445
diffusion,test_c04_side+1,42200,5,48,145.79282325341046
diffusion,test_c04_side+1,42200,6,48,215.9821911318811
diffusion,test_c05_side-1,50200,1,48,27.23746133370226
diffusion,test_c05_side-1,50200,2,48,51.16081432106287
diffusion,test_c05_side-1,50200,3,48,123.1712084004302
diffusion,test_c05_side-1,50200,4,48,244.48480285770384
diffusion,test_c05_side-1,50200,5,48,322.0776956393369
diffusion,test_c05_side-1,50200,6,46,506.81374458827776
diffusion,test_c05_side+1,52200,1,48,17.00650708266024
diffusion,test_c05_side+1,52200,2,48,45.135034603798424
diffusion,test_c05_side+1,52200,3,48,68.83567363203817
diffusion,test_c05_side+1,52200,4,48,125.85911268995211
diffusion,test_c05_side+1,52200,5,48,176.28152980229385
diffusion,test_c05_side+1,52200,6,48,232.76340672555838
diffusion,test_c06_side-1,60200,1,48,16.956557599358018
diffusion,test_c06_side-1,60200,2,48,34.919185814587976
diffusion,test_c06_side-1,60200,3,48,49.96235770309457
diffusion,test_c06_side-1,60200,4,48,54.22915057028814
diffusion,test_c06_side-1,60200,5,48,82.75705021870229
diffusion,test_c06_side-1,60200,6,48,125.67613769396085
diffusion,test_c06_side+1,62200,1,48,64.19704276370909
diffusion,test_c06_side+1,62200,2,41,53.680291779501246
diffusion,test_c06_side+1,62200,3,39,86.49778185595109
diffusion,test_c06_side+1,62200,4,39,153.89716909363128
diffusion,test_c06_side+1,62200,5,37,289.22508035443235
diffusion,test_c06_side+1,62200,6,36,469.29237392724514
diffusion,test_c07_side-1,70200,1,48,17.680759509635354
diffusion,test_c07_side-1,70200,2,48,33.82074015669326
diffusion,test_c07_side-1,70200,3,48,45.07044015548346
diffusion,test_c07_side-1,70200,4,48,65.3475617227722
diffusion,test_c07_side-1,70200,5,48,80.50806185887109
diffusion,test_c07_side-1,70200,6,48,122.86519909194595
diffusion,test_c07_side+1,72200,1,48,34.75756841885286
diffusion,test_c07_side+1,72200,2,48,52.103576145358616
diffusion,test_c07_side+1,72200,3,48,100.81389045750726
diffusion,test_c07_side+1,72200,4,48,188.7765449245923
diffusion,test_c07_side+1,72200,5,48,320.7006263142907
diffusion,test_c07_side+1,72200,6,48,453.0063769003771
diffusion,test_c08_side-1,80200,1,48,16.442598525846538
diffusion,test_c08_side-1,80200,2,48,36.5105823552462
diffusion,test_c08_side-1,80200,3,48,44.28621539102745
diffusion,test_c08_side-1,80200,4,48,72.34432354924428
diffusion,test_c08_side-1,80200,5,48,136.4213541116983
diffusion,test_c08_side-1,80200,6,48,228.25941560394074
diffusion,test_c08_side+1,82200,1,48,44.64783670813839
diffusion,test_c08_side+1,82200,2,48,130.7131422512311
diffusion,test_c08_side+1,82200,3,48,240.62415184328916
diffusion,test_c08_side+1,82200,4,48,401.57813700381655
diffusion,test_c08_side+1,82200,5,48,628.3651758450435
diffusion,test_c08_side+1,82200,6,48,869.0931533321086
autoregressive,test_c00_side-1,200,1,48,138.6448185714451
autoregressive,test_c00_side-1,200,2,48,390.10448563476126
autoregressive,test_c00_side-1,200,3,48,803.6304044185143
autoregressive,test_c00_side-1,200,4,48,1388.4133132110771
autoregressive,test_c00_side-1,200,5,48,2359.9121239973206
autoregressive,test_c00_side-1,200,6,48,3157.6772087361906
autoregressive,test_c00_side+1,2200,1,48,170.2950236545234
autoregressive,test_c00_side+1,2200,2,48,251.10585561471964
autoregressive,test_c00_side+1,2200,3,48,450.1443567730199
autoregressive,test_c00_side+1,2200,4,48,735.8237568070232
autoregressive,test_c00_side+1,2200,5,48,1248.3702573390947
autoregressive,test_c00_side+1,2200,6,48,1834.802126113003
autoregressive,test_c01_side-1,10200,1,48,76.88234436966319
autoregressive,test_c01_side-1,10200,2,48,205.47874307093122
autoregressive,test_c01_side-1,10200,3,48,444.4119768643844
autoregressive,test_c01_side-1,10200,4,48,995.4278832369812
autoregressive,test_c01_side-1,10200,5,48,1691.2529229725462
autoregressive,test_c01_side-1,10200,6,48,2557.5315621935247
autoregressive,test_c01_side+1,12200,1,48,73.02731365530427
autoregressive,test_c01_side+1,12200,2,48,110.13219671650666
autoregressive,test_c01_side+1,12200,3,48,188.30692440877218
autoregressive,test_c01_side+1,12200,4,48,326.3299115628209
autoregressive,test_c01_side+1,12200,5,48,490.52956238536825
autoregressive,test_c01_side+1,12200,6,48,793.7746637683833
autoregressive,test_c02_side-1,20200,1,48,168.72564475019752
autoregressive,test_c02_side-1,20200,2,48,361.88096091586567
autoregressive,test_c02_side-1,20200,3,48,670.3162720430706
autoregressive,test_c02_side-1,20200,4,45,1003.1638391746558
autoregressive,test_c02_side-1,20200,5,43,1509.232258360361
autoregressive,test_c02_side-1,20200,6,42,2110.854353100656
autoregressive,test_c02_side+1,22200,1,48,127.24238382217828
autoregressive,test_c02_side+1,22200,2,48,284.9554148275775
autoregressive,test_c02_side+1,22200,3,48,512.0916488760175
autoregressive,test_c02_side+1,22200,4,48,788.389752302125
autoregressive,test_c02_side+1,22200,5,48,1144.810158310876
autoregressive,test_c02_side+1,22200,6,48,1658.851046637756
autoregressive,test_c03_side-1,30200,1,48,145.56280072555717
autoregressive,test_c03_side-1,30200,2,48,272.3775595945179
autoregressive,test_c03_side-1,30200,3,48,474.5701998457744
autoregressive,test_c03_side-1,30200,4,48,769.8424909005963
autoregressive,test_c03_side-1,30200,5,48,1202.2666421024514
autoregressive,test_c03_side-1,30200,6,48,1855.943834017182
autoregressive,test_c03_side+1,32200,1,48,113.23850082541894
autoregressive,test_c03_side+1,32200,2,48,328.2110681501969
autoregressive,test_c03_side+1,32200,3,48,747.7643658353105
autoregressive,test_c03_side+1,32200,4,48,1335.9559744052783
autoregressive,test_c03_side+1,32200,5,48,2118.432717279574
autoregressive,test_c03_side+1,32200,6,45,2837.3948192021353
autoregressive,test_c04_side-1,40200,1,48,57.56767473990913
autoregressive,test_c04_side-1,40200,2,48,138.73402434923685
autoregressive,test_c04_side-1,40200,3,48,280.7159670344053
autoregressive,test_c04_side-1,40200,4,48,586.9249078345142
autoregressive,test_c04_side-1,40200,5,48,917.2713823424269
autoregressive,test_c04_side-1,40200,6,48,1398.0950789828166
autoregressive,test_c04_side+1,42200,1,48,53.1081440857112
autoregressive,test_c04_side+1,42200,2,48,125.46400800687073
autoregressive,test_c04_side+1,42200,3,48,214.3753891582941
autoregressive,test_c04_side+1,42200,4,48,374.3714597542047
autoregressive,test_c04_side+1,42200,5,48,697.3366639351038
autoregressive,test_c04_side+1,42200,6,48,1251.1297668687964
autoregressive,test_c05_side-1,50200,1,48,152.2867543587614
autoregressive,test_c05_side-1,50200,2,48,370.9423442777463
autoregressive,test_c05_side-1,50200,3,48,881.7715303701132
autoregressive,test_c05_side-1,50200,4,48,1495.831051068981
autoregressive,test_c05_side-1,50200,5,48,2497.981114606152
autoregressive,test_c05_side-1,50200,6,46,3266.710355246081
autoregressive,test_c05_side+1,52200,1,48,214.5105044236557
autoregressive,test_c05_side+1,52200,2,48,319.24496413985696
autoregressive,test_c05_side+1,52200,3,48,523.5542463282936
autoregressive,test_c05_side+1,52200,4,48,884.9679006388001
autoregressive,test_c05_side+1,52200,5,48,1411.885854228401
autoregressive,test_c05_side+1,52200,6,48,2103.306124608148
autoregressive,test_c06_side-1,60200,1,48,177.6411330878212
autoregressive,test_c06_side-1,60200,2,48,233.8345037080558
autoregressive,test_c06_side-1,60200,3,48,417.04428101521415
autoregressive,test_c06_side-1,60200,4,48,687.4046726438049
autoregressive,test_c06_side-1,60200,5,48,976.6228916975646
autoregressive,test_c06_side-1,60200,6,48,1431.0490512162096
autoregressive,test_c06_side+1,62200,1,48,155.8433882783796
autoregressive,test_c06_side+1,62200,2,41,333.4841945753187
autoregressive,test_c06_side+1,62200,3,39,603.773281183559
autoregressive,test_c06_side+1,62200,4,39,1044.512892416833
autoregressive,test_c06_side+1,62200,5,37,1579.2076622383292
autoregressive,test_c06_side+1,62200,6,36,2206.2034519473737
autoregressive,test_c07_side-1,70200,1,48,101.42672659779309
autoregressive,test_c07_side-1,70200,2,48,112.9720537032812
autoregressive,test_c07_side-1,70200,3,48,179.7127644672406
autoregressive,test_c07_side-1,70200,4,48,296.45188528353884
autoregressive,test_c07_side-1,70200,5,48,480.6961568485869
autoregressive,test_c07_side-1,70200,6,48,733.1106692874233
autoregressive,test_c07_side+1,72200,1,48,81.80084730456635
autoregressive,test_c07_side+1,72200,2,48,290.88344792261245
autoregressive,test_c07_side+1,72200,3,48,612.9977113664523
autoregressive,test_c07_side+1,72200,4,48,1205.356883150441
autoregressive,test_c07_side+1,72200,5,48,1985.753889903342
autoregressive,test_c07_side+1,72200,6,48,2903.105885249577
autoregressive,test_c08_side-1,80200,1,48,98.21402306246438
autoregressive,test_c08_side-1,80200,2,48,203.77884672056788
autoregressive,test_c08_side-1,80200,3,48,382.54462560882433
autoregressive,test_c08_side-1,80200,4,48,680.0850694950801
autoregressive,test_c08_side-1,80200,5,48,1211.0072179016936
autoregressive,test_c08_side-1,80200,6,48,1935.802678677002
autoregressive,test_c08_side+1,82200,1,48,242.19388668774286
autoregressive,test_c08_side+1,82200,2,48,512.7657733411332
autoregressive,test_c08_side+1,82200,3,48,1076.8346633659112
autoregressive,test_c08_side+1,82200,4,48,1824.8600291056775
autoregressive,test_c08_side+1,82200,5,48,2668.8474234263467
autoregressive,test_c08_side+1,82200,6,48,3708.5929714348135
cvae,test_c00_side-1,200,1,48,41.16644451534038
cvae,test_c00_side-1,200,2,48,76.55353334671331
cvae,test_c00_side-1,200,3,48,148.26114525912504
cvae,test_c00_side-1,200,4,48,204.0988859646538
cvae,test_c00_side-1,200,5,48,344.233960697452
cvae,test_c00_side-1,200,6,48,558.9207638430797
cvae,test_c00_side+1,2200,1,48,28.88677012303104
cvae,test_c00_side+1,2200,2,48,49.28095760452614
cvae,test_c00_side+1,2200,3,48,81.56562566416021
cvae,test_c00_side+1,2200,4,48,122.21830992986474
cvae,test_c00_side+1,2200,5,48,213.14517660691735
cvae,test_c00_side+1,2200,6,48,358.9943632594347
cvae,test_c01_side-1,10200,1,48,41.05966704864183
cvae,test_c01_side-1,10200,2,48,73.28792835771249
cvae,test_c01_side-1,10200,3,48,144.6024730283454
cvae,test_c01_side-1,10200,4,48,231.8052516459162
cvae,test_c01_side-1,10200,5,48,348.3032874411095
cvae,test_c01_side-1,10200,6,48,521.1921428076112
cvae,test_c01_side+1,12200,1,48,31.912799786820777
cvae,test_c01_side+1,12200,2,48,53.9085703381262
cvae,test_c01_side+1,12200,3,48,69.02556635889982
cvae,test_c01_side+1,12200,4,48,84.60987379332445
cvae,test_c01_side+1,12200,5,48,98.38309879347008
cvae,test_c01_side+1,12200,6,48,141.28327704951468
cvae,test_c02_side-1,20200,1,48,49.91249727080047
cvae,test_c02_side-1,20200,2,48,108.37347988522822
cvae,test_c02_side-1,20200,3,48,202.7675772015392
cvae,test_c02_side-1,20200,4,45,246.21247484036786
cvae,test_c02_side-1,20200,5,43,296.2396234088811
cvae,test_c02_side-1,20200,6,42,448.4919241052577
cvae,test_c02_side+1,22200,1,48,27.524528968514993
cvae,test_c02_side+1,22200,2,48,48.51445084994335
cvae,test_c02_side+1,22200,3,48,82.38999630025204
cvae,test_c02_side+1,22200,4,48,124.72619596798255
cvae,test_c02_side+1,22200,5,48,201.34949219786085
cvae,test_c02_side+1,22200,6,48,304.87570165568764
cvae,test_c03_side-1,30200,1,48,28.30159301529966
cvae,test_c03_side-1,30200,2,48,51.105452315892286
cvae,test_c03_side-1,30200,3,48,80.05879026351101
cvae,test_c03_side-1,30200,4,48,119.17927920241893
cvae,test_c03_side-1,30200,5,48,176.63193936688793
cvae,test_c03_side-1,30200,6,48,272.1923054493972
cvae,test_c03_side+1,32200,1,48,36.45674943213129
cvae,test_c03_side+1,32200,2,48,71.11836943079993
cvae,test_c03_side+1,32200,3,48,145.6890566852982
cvae,test_c03_side+1,32200,4,48,240.17836901390953
cvae,test_c03_side+1,32200,5,48,411.6010088422838
cvae,test_c03_side+1,32200,6,45,580.9021487648679
cvae,test_c04_side-1,40200,1,48,42.21231348672737
cvae,test_c04_side-1,40200,2,48,65.52465705905693
cvae,test_c04_side-1,40200,3,48,90.10237447810216
cvae,test_c04_side-1,40200,4,48,138.32037827907232
cvae,test_c04_side-1,40200,5,48,214.68619465838805
cvae,test_c04_side-1,40200,6,48,276.8752960300321
cvae,test_c04_side+1,42200,1,48,39.932517226621975
cvae,test_c04_side+1,42200,2,48,60.36413267774499
cvae,test_c04_side+1,42200,3,48,79.28230023926297
cvae,test_c04_side+1,42200,4,48,116.10852348002757
cvae,test_c04_side+1,42200,5,48,183.2431235442973
cvae,test_c04_side+1,42200,6,48,240.69059791003528
cvae,test_c05_side-1,50200,1,48,43.56474307056065
cvae,test_c05_side-1,50200,2,48,84.09958021373062
cvae,test_c05_side-1,50200,3,48,156.86091471518895
cvae,test_c05_side-1,50200,4,48,247.83185194785185
cvae,test_c05_side-1,50200,5,48,349.60746582400014
cvae,test_c05_side-1,50200,6,46,561.7905991850827
cvae,test_c05_side+1,52200,1,48,32.01909037758186
cvae,test_c05_side+1,52200,2,48,52.743610661730564
cvae,test_c05_side+1,52200,3,48,89.06157326409537
cvae,test_c05_side+1,52200,4,48,146.56714718330414
cvae,test_c05_side+1,52200,5,48,226.25023961572973
cvae,test_c05_side+1,52200,6,48,294.4763321409374
cvae,test_c06_side-1,60200,1,48,24.34850636338463
cvae,test_c06_side-1,60200,2,48,47.1885836889851
cvae,test_c06_side-1,60200,3,48,63.518132976060464
cvae,test_c06_side-1,60200,4,48,92.27921517213989
cvae,test_c06_side-1,60200,5,48,146.54945253283952
cvae,test_c06_side-1,60200,6,48,213.88209265439673
cvae,test_c06_side+1,62200,1,48,73.61297197335028
cvae,test_c06_side+1,62200,2,41,73.45253217486552
cvae,test_c06_side+1,62200,3,39,145.0694899882632
cvae,test_c06_side+1,62200,4,39,237.32421560553166
cvae,test_c06_side+1,62200,5,37,404.62405752752545
cvae,test_c06_side+1,62200,6,36,610.2701917577276
cvae,test_c07_side-1,70200,1,48,26.019811967794418
cvae,test_c07_side-1,70200,2,48,40.20608171773891
cvae,test_c07_side-1,70200,3,48,57.83587301653039
cvae,test_c07_side-1,70200,4,48,84.03851900383489
cvae,test_c07_side-1,70200,5,48,117.32485551315251
cvae,test_c07_side-1,70200,6,48,179.51638023670677
cvae,test_c07_side+1,72200,1,48,50.13555817701257
cvae,test_c07_side+1,72200,2,48,78.19735165796197
cvae,test_c07_side+1,72200,3,48,144.08965095148505
cvae,test_c07_side+1,72200,4,48,254.44741600252752
cvae,test_c07_side+1,72200,5,48,359.12372039148386
cvae,test_c07_side+1,72200,6,48,534.7728527764688
cvae,test_c08_side-1,80200,1,48,30.533652286775528
cvae,test_c08_side-1,80200,2,48,46.6547846235904
cvae,test_c08_side-1,80200,3,48,64.4822673781001
cvae,test_c08_side-1,80200,4,48,112.7573102978732
cvae,test_c08_side-1,80200,5,48,201.89129932375425
cvae,test_c08_side-1,80200,6,48,332.8811787483568
cvae,test_c08_side+1,82200,1,48,64.62833802184453
cvae,test_c08_side+1,82200,2,48,117.21353128430792
cvae,test_c08_side+1,82200,3,48,195.28284970453302
cvae,test_c08_side+1,82200,4,48,344.67830666921583
cvae,test_c08_side+1,82200,5,48,511.5253293352873
cvae,test_c08_side+1,82200,6,48,843.4829790895839
flow_matching,test_c00_side-1,200,1,48,44.98331547534204
flow_matching,test_c00_side-1,200,2,48,82.7919196151934
flow_matching,test_c00_side-1,200,3,48,177.8057280368653
flow_matching,test_c00_side-1,200,4,48,349.2880494807781
flow_matching,test_c00_side-1,200,5,48,587.1289105498065
flow_matching,test_c00_side-1,200,6,48,991.7174293373187
flow_matching,test_c00_side+1,2200,1,48,29.830554632450305
flow_matching,test_c00_side+1,2200,2,48,63.80219057944197
flow_matching,test_c00_side+1,2200,3,48,121.2055557609789
flow_matching,test_c00_side+1,2200,4,48,179.3819263904778
flow_matching,test_c00_side+1,2200,5,48,334.0103716152559
flow_matching,test_c00_side+1,2200,6,48,584.4966121300281
flow_matching,test_c01_side-1,10200,1,48,38.372332244866186
flow_matching,test_c01_side-1,10200,2,48,74.40059800522435
flow_matching,test_c01_side-1,10200,3,48,147.3011970590417
flow_matching,test_c01_side-1,10200,4,48,298.7036821407702
flow_matching,test_c01_side-1,10200,5,48,531.6398438990384
flow_matching,test_c01_side-1,10200,6,48,916.0838172656217
flow_matching,test_c01_side+1,12200,1,48,25.366136850794074
flow_matching,test_c01_side+1,12200,2,48,45.075120711415586
flow_matching,test_c01_side+1,12200,3,48,80.97232001128305
flow_matching,test_c01_side+1,12200,4,48,148.58047650109017
flow_matching,test_c01_side+1,12200,5,48,205.42053905426047
flow_matching,test_c01_side+1,12200,6,48,270.20646815593125
flow_matching,test_c02_side-1,20200,1,48,49.352391520902806
flow_matching,test_c02_side-1,20200,2,48,102.2190141206747
flow_matching,test_c02_side-1,20200,3,48,208.54113556075626
flow_matching,test_c02_side-1,20200,4,45,254.76027337644751
flow_matching,test_c02_side-1,20200,5,43,415.37002237024274
flow_matching,test_c02_side-1,20200,6,42,655.1878445199922
flow_matching,test_c02_side+1,22200,1,48,27.443749649743438
flow_matching,test_c02_side+1,22200,2,48,59.25958505730338
flow_matching,test_c02_side+1,22200,3,48,113.18835161760093
flow_matching,test_c02_side+1,22200,4,48,178.37025098915166
flow_matching,test_c02_side+1,22200,5,48,264.13257024022374
flow_matching,test_c02_side+1,22200,6,48,392.1054594140736
flow_matching,test_c03_side-1,30200,1,48,32.4924605907174
flow_matching,test_c03_side-1,30200,2,48,68.64667109265137
flow_matching,test_c03_side-1,30200,3,48,115.8996995601617
flow_matching,test_c03_side-1,30200,4,48,184.325272770024
flow_matching,test_c03_side-1,30200,5,48,313.64972293478013
flow_matching,test_c03_side-1,30200,6,48,474.2408393117186
flow_matching,test_c03_side+1,32200,1,48,36.65044172132859
flow_matching,test_c03_side+1,32200,2,48,69.25630751136481
flow_matching,test_c03_side+1,32200,3,48,153.5607695925376
flow_matching,test_c03_side+1,32200,4,48,354.7004760727797
flow_matching,test_c03_side+1,32200,5,48,632.6584842698427
flow_matching,test_c03_side+1,32200,6,45,1033.0741995516778
flow_matching,test_c04_side-1,40200,1,48,30.549037867109355
flow_matching,test_c04_side-1,40200,2,48,53.65302901482979
flow_matching,test_c04_side-1,40200,3,48,102.71487047919612
flow_matching,test_c04_side-1,40200,4,48,190.57013854305612
flow_matching,test_c04_side-1,40200,5,48,302.458311336156
flow_matching,test_c04_side-1,40200,6,48,459.31932506056626
flow_matching,test_c04_side+1,42200,1,48,30.343148199673482
flow_matching,test_c04_side+1,42200,2,48,56.669480350812904
flow_matching,test_c04_side+1,42200,3,48,98.52079913981987
flow_matching,test_c04_side+1,42200,4,48,170.6658611457816
flow_matching,test_c04_side+1,42200,5,48,239.3957363780816
flow_matching,test_c04_side+1,42200,6,48,360.9037823311594
flow_matching,test_c05_side-1,50200,1,48,36.806381065475065
flow_matching,test_c05_side-1,50200,2,48,84.09352231786218
flow_matching,test_c05_side-1,50200,3,48,186.92882135333014
flow_matching,test_c05_side-1,50200,4,48,376.31955759477995
flow_matching,test_c05_side-1,50200,5,48,653.6213684617907
flow_matching,test_c05_side-1,50200,6,46,1107.9830065107706
flow_matching,test_c05_side+1,52200,1,48,31.50378833085745
flow_matching,test_c05_side+1,52200,2,48,50.034693898554146
flow_matching,test_c05_side+1,52200,3,48,110.73612166628725
flow_matching,test_c05_side+1,52200,4,48,194.9802951101423
flow_matching,test_c05_side+1,52200,5,48,320.016201965176
flow_matching,test_c05_side+1,52200,6,48,514.3932172976657
flow_matching,test_c06_side-1,60200,1,48,27.561297273350107
flow_matching,test_c06_side-1,60200,2,48,59.458007451737984
flow_matching,test_c06_side-1,60200,3,48,96.33102134652127
flow_matching,test_c06_side-1,60200,4,48,179.65506847480532
flow_matching,test_c06_side-1,60200,5,48,277.2787250467476
flow_matching,test_c06_side-1,60200,6,48,436.5883267986639
flow_matching,test_c06_side+1,62200,1,48,75.77303558605566
flow_matching,test_c06_side+1,62200,2,41,76.6440719323499
flow_matching,test_c06_side+1,62200,3,39,165.61265981536215
flow_matching,test_c06_side+1,62200,4,39,355.74786976567935
flow_matching,test_c06_side+1,62200,5,37,620.182758204668
flow_matching,test_c06_side+1,62200,6,36,938.8265131513036
flow_matching,test_c07_side-1,70200,1,48,19.614428730952156
flow_matching,test_c07_side-1,70200,2,48,49.45793436541218
flow_matching,test_c07_side-1,70200,3,48,73.99231889884558
flow_matching,test_c07_side-1,70200,4,48,114.8062402886633
flow_matching,test_c07_side-1,70200,5,48,175.5709410389051
flow_matching,test_c07_side-1,70200,6,48,277.3351060712515
flow_matching,test_c07_side+1,72200,1,48,46.00808497743344
flow_matching,test_c07_side+1,72200,2,48,87.74291165537718
flow_matching,test_c07_side+1,72200,3,48,167.52139785937797
flow_matching,test_c07_side+1,72200,4,48,259.272465439378
flow_matching,test_c07_side+1,72200,5,48,436.59123947575597
flow_matching,test_c07_side+1,72200,6,48,741.043824827765
flow_matching,test_c08_side-1,80200,1,48,31.56198901268707
flow_matching,test_c08_side-1,80200,2,48,50.844515792101134
flow_matching,test_c08_side-1,80200,3,48,81.63410435023262
flow_matching,test_c08_side-1,80200,4,48,155.92474367080328
flow_matching,test_c08_side-1,80200,5,48,315.20526518829666
flow_matching,test_c08_side-1,80200,6,48,609.5989235738796
flow_matching,test_c08_side+1,82200,1,48,56.060333095078654
flow_matching,test_c08_side+1,82200,2,48,201.29746764809886
flow_matching,test_c08_side+1,82200,3,48,393.2686664156665
flow_matching,test_c08_side+1,82200,4,48,652.6606822724054
flow_matching,test_c08_side+1,82200,5,48,965.9633876974458
flow_matching,test_c08_side+1,82200,6,48,1383.5831907566653
