K,budget_violation_rate,calibration_max_steps,calibration_scene_ids,calibration_seeds,experiment,failure_count,model,planning_mean_sec,planning_p50_sec,planning_p90_sec,proposal_p50_sec,proposal_p90_sec,reused,run_dir,scoring_p50_sec,scoring_p90_sec,step_count,wall_p50_sec,wall_p90_sec
1,nan,5,"0,1",0,id_n_sweep,0,cem_aif,0.0061134463991038505,0.00607260299148038,0.006162458460312336,0.003051417996175587,0.0031651205033995213,False,outputs/equal_wall_clock_cpu/calibration_runs/id_n_sweep/cem_aif/K1,0.002922118059359491,0.0029404183151200414,10,0.0065293965162709355,0.006611661601345986
2,nan,5,"0,1",0,id_n_sweep,0,cem_aif,0.01174134820466861,0.011741346039343625,0.011772231687791646,0.005876537528820336,0.005906728212721646,False,outputs/equal_wall_clock_cpu/calibration_runs/id_n_sweep/cem_aif/K2,0.005769528972450644,0.005790639854967594,10,0.012213344569317997,0.012241771223489196
4,nan,5,"0,1",0,id_n_sweep,0,cem_aif,0.023285911488346755,0.023245509015396237,0.023485442937817423,0.011625847953837365,0.011769031814765185,False,outputs/equal_wall_clock_cpu/calibration_runs/id_n_sweep/cem_aif/K4,0.011509262432809919,0.01161221134243533,10,0.023738812480587512,0.023969854798633606
8,nan,5,"0,1",0,id_n_sweep,0,cem_aif,0.04630832147086039,0.04633946646936238,0.04655846714740619,0.023156521026976407,0.023326637817081063,False,outputs/equal_wall_clock_cpu/calibration_runs/id_n_sweep/cem_aif/K8,0.023089163412805647,0.02315038340166211,10,0.04686755599686876,0.04708974335808307
16,nan,5,"0,1",0,id_n_sweep,0,cem_aif,0.09237014201935381,0.0923747579799965,0.09292227256810293,0.046162907499819994,0.04645168151473626,False,outputs/equal_wall_clock_cpu/calibration_runs/id_n_sweep/cem_aif/K16,0.04604406747967005,0.04632150594843552,10,0.09299410949461162,0.09351620118832216
32,nan,5,"0,1",0,id_n_sweep,0,cem_aif,0.18689294912619517,0.1841553460690193,0.18789875984657556,0.09199865645496175,0.09243202744983137,False,outputs/equal_wall_clock_cpu/calibration_runs/id_n_sweep/cem_aif/K32,0.09191479248693213,0.09522863529855385,10,0.184932290983852,0.18864914040314032
64,nan,5,"0,1",0,id_n_sweep,0,cem_aif,0.3656821607029997,0.365625488513615,0.36739575623068954,0.18296392302727327,0.18369208581279964,False,outputs/equal_wall_clock_cpu/calibration_runs/id_n_sweep/cem_aif/K64,0.18249250599183142,0.18337955292081462,10,0.3665171494940296,0.3683034821064211
128,nan,5,"0,1",0,id_n_sweep,0,cem_aif,0.7340376175940037,0.730942459020298,0.7375657779164613,0.36540520697599277,0.3700681672315113,False,outputs/equal_wall_clock_cpu/calibration_runs/id_n_sweep/cem_aif/K128,0.3650286549818702,0.3669556272798218,10,0.7326927150133997,0.7389608882833272
256,nan,5,"0,1",0,id_n_sweep,0,cem_aif,1.4666356630856172,1.462161194998771,1.498050351254642,0.7308565130806528,0.7349298852961511,False,outputs/equal_wall_clock_cpu/calibration_runs/id_n_sweep/cem_aif/K256,0.7302099609514698,0.7352668695966713,10,1.4656634755665436,1.5017085887258872
1,nan,5,"0,1",0,id_n_sweep,0,bc_mdn_aif,0.003439503605477512,0.003375034488271922,0.003537879942450672,0.00031028653029352427,0.00045329963322728853,False,outputs/equal_wall_clock_cpu/calibration_runs/id_n_sweep/bc_mdn_aif/K1,0.002987611514981836,0.0030117961927317084,10,0.003827600972726941,0.003986912919208407
2,nan,5,"0,1",0,id_n_sweep,0,bc_mdn_aif,0.006348624906968326,0.0063471070025116205,0.006373199343215674,0.0003194184391759336,0.00035221176221966743,False,outputs/equal_wall_clock_cpu/calibration_runs/id_n_sweep/bc_mdn_aif/K2,0.005947511526755989,0.005977888673078268,10,0.006902577995788306,0.006954291823785752
4,nan,5,"0,1",0,id_n_sweep,0,bc_mdn_aif,0.012253190705087036,0.012247097969520837,0.012334889324847609,0.0003361459821462631,0.00038490255828946827,False,outputs/equal_wall_clock_cpu/calibration_runs/id_n_sweep/bc_mdn_aif/K4,0.0118375284364447,0.011916521703824401,10,0.01281164144165814,0.012896243343129755
8,nan,5,"0,1",0,id_n_sweep,0,bc_mdn_aif,0.024000390188302845,0.023956449003890157,0.024121578410267828,0.00035317300353199244,0.0003924510674551129,False,outputs/equal_wall_clock_cpu/calibration_runs/id_n_sweep/bc_mdn_aif/K8,0.023514243017416447,0.02369760295841843,10,0.02454914548434317,0.024721789988689125
16,nan,5,"0,1",0,id_n_sweep,0,bc_mdn_aif,0.04748881320701912,0.047463248018175364,0.04781199139542878,0.0003798540565185249,0.00042365842964500186,False,outputs/equal_wall_clock_cpu/calibration_runs/id_n_sweep/bc_mdn_aif/K16,0.04698290448868647,0.047357393230777235,10,0.04812138294801116,0.048471113108098506
32,nan,5,"0,1",0,id_n_sweep,0,bc_mdn_aif,0.09442975980928167,0.09432889497838914,0.09506717872573063,0.00043650547740980983,0.0004961877246387302,False,outputs/equal_wall_clock_cpu/calibration_runs/id_n_sweep/bc_mdn_aif/K32,0.0937811434851028,0.09455246275756508,10,0.09510366100585088,0.09584183896658943
64,nan,5,"0,1",0,id_n_sweep,0,bc_mdn_aif,0.1882184581249021,0.1883710024994798,0.18901525184046478,0.000549168442375958,0.0006092953961342573,False,outputs/equal_wall_clock_cpu/calibration_runs/id_n_sweep/bc_mdn_aif/K64,0.18773572996724397,0.18838550812797622,10,0.18934229004662484,0.189996463956777
128,nan,5,"0,1",0,id_n_sweep,0,bc_mdn_aif,0.37922481329878793,0.3763458359753713,0.3812508885399439,0.0007831114926375449,0.0008922694483771919,False,outputs/equal_wall_clock_cpu/calibration_runs/id_n_sweep/bc_mdn_aif/K128,0.3754497360205278,0.38038472100161014,10,0.37788492249092087,0.38273729283828284
256,nan,5,"0,1",0,id_n_sweep,0,bc_mdn_aif,0.7546204646117985,0.7516405490459874,0.7581201721448451,0.0012710195151157677,0.0014392656739801168,False,outputs/equal_wall_clock_cpu/calibration_runs/id_n_sweep/bc_mdn_aif/K256,0.7501860775519162,0.7567392221884802,10,0.7541143290000036,0.7607848736806773
1,nan,5,"0,1",0,id_n_sweep,0,cvae_aif,0.00321387592703104,0.0032036605407483876,0.0032372126588597894,0.00014635699335485697,0.00017138045514002436,False,outputs/equal_wall_clock_cpu/calibration_runs/id_n_sweep/cvae_aif/K1,0.002975273528136313,0.002995201840531081,10,0.0036424255231395364,0.0036847369745373728
2,nan,5,"0,1",0,id_n_sweep,0,cvae_aif,0.006173024699091911,0.006173769012093544,0.006254661071579903,0.0001528290449641645,0.00018169302493333813,False,outputs/equal_wall_clock_cpu/calibration_runs/id_n_sweep/cvae_aif/K2,0.0059404774801805615,0.005976269720122218,10,0.006656467041466385,0.006727552588563412
4,nan,5,"0,1",0,id_n_sweep,0,cvae_aif,0.01204277778742835,0.012045221461448818,0.012111233593896032,0.00015899050049483776,0.00019898969912901518,False,outputs/equal_wall_clock_cpu/calibration_runs/id_n_sweep/cvae_aif/K4,0.011791515978984535,0.01187852055300027,10,0.012544851982966065,0.012616902519948781
8,nan,5,"0,1",0,id_n_sweep,0,cvae_aif,0.023750346223823725,0.02372107852715999,0.02386820428073406,0.00016537803458049893,0.0001836191746406257,False,outputs/equal_wall_clock_cpu/calibration_runs/id_n_sweep/cvae_aif/K8,0.023468321072869003,0.023627612355630843,10,0.024254212563391775,0.02440136205404997
16,nan,5,"0,1",0,id_n_sweep,0,cvae_aif,0.04723756111925468,0.04721096548018977,0.04753180503612384,0.00017913401825353503,0.00020031809108331797,False,outputs/equal_wall_clock_cpu/calibration_runs/id_n_sweep/cvae_aif/K16,0.04693954699905589,0.0472741344361566,10,0.04780919698532671,0.048128796869423236
32,nan,5,"0,1",0,id_n_sweep,0,cvae_aif,0.09424587721005082,0.0942000814829953,0.0952368106576614,0.00021596899023279548,0.0002910338458605111,False,outputs/equal_wall_clock_cpu/calibration_runs/id_n_sweep/cvae_aif/K32,0.09391224203864112,0.09483610197203234,10,0.09491448802873492,0.09602137717884035
64,nan,5,"0,1",0,id_n_sweep,0,cvae_aif,0.19094130650628358,0.18838624702766538,0.19196018883958457,0.00028841051971539855,0.0003451650845818221,False,outputs/equal_wall_clock_cpu/calibration_runs/id_n_sweep/cvae_aif/K64,0.18797137751244009,0.19160906035685912,10,0.18931841501034796,0.19292765718419103
128,nan,5,"0,1",0,id_n_sweep,0,cvae_aif,0.3743750900030136,0.37447048001922667,0.37631521336734297,0.00036619248567149043,0.0004041380831040442,False,outputs/equal_wall_clock_cpu/calibration_runs/id_n_sweep/cvae_aif/K128,0.374010594910942,0.37585455341031776,10,0.375807904987596,0.37764308967161925
256,nan,5,"0,1",0,id_n_sweep,0,cvae_aif,0.7545865630963817,0.7496764464885928,0.7794598796637728,0.0005897260271012783,0.0006684559164568783,False,outputs/equal_wall_clock_cpu/calibration_runs/id_n_sweep/cvae_aif/K256,0.748947212472558,0.7787463245214894,10,0.7520397669868544,0.7810058612725698
1,nan,5,"0,1",0,id_n_sweep,0,transformer_aif,0.032390122604556384,0.03229307505534962,0.032464335509575906,0.028846796019934118,0.029063195863272995,False,outputs/equal_wall_clock_cpu/calibration_runs/id_n_sweep/transformer_aif/K1,0.003293325542472303,0.0033065015915781258,10,0.03280086041195318,0.03296865076990798
2,nan,5,"0,1",0,id_n_sweep,0,transformer_aif,0.04670414509018883,0.046590071462560445,0.04710064881946892,0.0401477090199478,0.04066222107503563,False,outputs/equal_wall_clock_cpu/calibration_runs/id_n_sweep/transformer_aif/K2,0.006295524537563324,0.006326763366814703,10,0.04721214796882123,0.047716423228848726
4,nan,5,"0,1",0,id_n_sweep,0,transformer_aif,0.07408468087669462,0.07398399349767715,0.07429183220956476,0.06158908549696207,0.062007331044878815,False,outputs/equal_wall_clock_cpu/calibration_runs/id_n_sweep/transformer_aif/K4,0.012239974981639534,0.012292311992496252,10,0.07463685347465798,0.07493396253557877
8,nan,5,"0,1",0,id_n_sweep,0,transformer_aif,0.12934076618403195,0.12933928094571456,0.12950511663220823,0.1050118450075388,0.10529314030427486,False,outputs/equal_wall_clock_cpu/calibration_runs/id_n_sweep/transformer_aif/K8,0.024106708529870957,0.024285231623798607,10,0.13003926048986614,0.1301817121799104
16,nan,5,"0,1",0,id_n_sweep,0,transformer_aif,0.2405533332959749,0.24044384196167812,0.24096199901541696,0.19255552551476285,0.1929748015594669,False,outputs/equal_wall_clock_cpu/calibration_runs/id_n_sweep/transformer_aif/K16,0.04770262097008526,0.04822603221982717,10,0.24123157252324745,0.24173058995511384
32,nan,5,"0,1",0,id_n_sweep,0,transformer_aif,0.4616242053103633,0.4616516850073822,0.46208989396691325,0.3663180584553629,0.3664828626671806,False,outputs/equal_wall_clock_cpu/calibration_runs/id_n_sweep/transformer_aif/K32,0.09530309902038425,0.09552886520978063,10,0.46262540703173727,0.4630408557597548
64,nan,5,"0,1",0,id_n_sweep,0,transformer_aif,0.9063529134029522,0.9061702805338427,0.9078003498725593,0.7162904425058514,0.7172846687957645,False,outputs/equal_wall_clock_cpu/calibration_runs/id_n_sweep/transformer_aif/K64,0.1899497804697603,0.19095249350648374,10,0.9074616680154577,0.909180758940056
128,nan,5,"0,1",0,id_n_sweep,0,transformer_aif,1.8013658688985743,1.8012340894783847,1.8032616456737742,1.4225928880041465,1.4259699049172923,False,outputs/equal_wall_clock_cpu/calibration_runs/id_n_sweep/transformer_aif/K128,0.37845073553035036,0.3801335454802029,10,1.8030563085339963,1.80503064020304
256,nan,5,"0,1",0,id_n_sweep,0,transformer_aif,3.6832135810982436,3.678197616012767,3.7027458877651953,2.9201327529735863,2.922672583360691,False,outputs/equal_wall_clock_cpu/calibration_runs/id_n_sweep/transformer_aif/K256,0.7572547430172563,0.7823013495304622,10,3.6817247595172375,3.704390979744494
1,nan,5,"0,1",0,id_n_sweep,0,diffusion_policy_aif,0.10879772891057655,0.10872555652167648,0.10905762383481488,0.10527815797831863,0.10560628040693701,False,outputs/equal_wall_clock_cpu/calibration_runs/id_n_sweep/diffusion_policy_aif/K1,0.003313305031042546,0.003342926409095526,10,0.10922123253112659,0.10956557678291574
2,nan,5,"0,1",0,id_n_sweep,0,diffusion_policy_aif,0.15512629637960346,0.15509552747244015,0.15523345987312495,0.14868804148864,0.14881802150048318,False,outputs/equal_wall_clock_cpu/calibration_runs/id_n_sweep/diffusion_policy_aif/K2,0.006278432498220354,0.006305578944738954,10,0.15563367900904268,0.15577009248081594
4,nan,5,"0,1",0,id_n_sweep,0,diffusion_policy_aif,0.24801474440610036,0.24797346151899546,0.24831003196304666,0.2356999660260044,0.2360114354407415,False,outputs/equal_wall_clock_cpu/calibration_runs/id_n_sweep/diffusion_policy_aif/K4,0.012148063979111612,0.012184044427704065,10,0.24853187601547688,0.24887710181064904
8,nan,5,"0,1",0,id_n_sweep,0,diffusion_policy_aif,0.43552607942838223,0.43548787105828524,0.43584400971885773,0.41148341802181676,0.41170136523433026,False,outputs/equal_wall_clock_cpu/calibration_runs/id_n_sweep/diffusion_policy_aif/K8,0.023913331038784236,0.024038550024852154,10,0.43610872799763456,0.43645151023520157
16,nan,5,"0,1",0,id_n_sweep,0,diffusion_policy_aif,0.810653937025927,0.8101552235311829,0.8121969084022567,0.7626567985280417,0.7642411198001355,False,outputs/equal_wall_clock_cpu/calibration_runs/id_n_sweep/diffusion_policy_aif/K16,0.04739082104060799,0.04780996887711808,10,0.8108529850142077,0.8129096010583453
32,nan,5,"0,1",0,id_n_sweep,0,diffusion_policy_aif,1.5589593405951745,1.5586221054545604,1.5611844604718499,1.463727564434521,1.46686577842338,False,outputs/equal_wall_clock_cpu/calibration_runs/id_n_sweep/diffusion_policy_aif/K32,0.09447515552164987,0.09477221099659801,10,1.5594802609994076,1.5618248167680575
64,nan,5,"0,1",0,id_n_sweep,0,diffusion_policy_aif,3.0662326750927607,3.0682840195368044,3.0702207878232004,2.8804139940766618,2.8820065754232926,False,outputs/equal_wall_clock_cpu/calibration_runs/id_n_sweep/diffusion_policy_aif/K64,0.1881065240013413,0.18863527767825872,10,3.0690098755294457,3.071320177905727
128,nan,5,"0,1",0,id_n_sweep,0,diffusion_policy_aif,6.091265188786201,6.088783346989658,6.097550866287201,5.715106438030489,5.7194060741690915,False,outputs/equal_wall_clock_cpu/calibration_runs/id_n_sweep/diffusion_policy_aif/K128,0.37402493954868987,0.3778940718155354,10,6.090575360984076,6.099222539924085
256,nan,5,"0,1",0,id_n_sweep,0,diffusion_policy_aif,12.276769997598603,12.278329805005342,12.366817923262715,11.533196254982613,11.615960893197917,False,outputs/equal_wall_clock_cpu/calibration_runs/id_n_sweep/diffusion_policy_aif/K256,0.7464332189993002,0.7517624938744121,10,12.280628231470473,12.370636358635965
1,nan,5,"0,1",0,id_n_sweep,0,flow_matching_aif,0.005512287886813283,0.005478109000250697,0.0055700076511129735,0.0023725124774500728,0.0024462885805405675,False,outputs/equal_wall_clock_cpu/calibration_runs/id_n_sweep/flow_matching_aif/K1,0.003037839021999389,0.0030497713247314095,10,0.0059272475191392004,0.006020507751964032
2,nan,5,"0,1",0,id_n_sweep,0,flow_matching_aif,0.009402199590113014,0.009381323005072773,0.009464382263831795,0.003291904053185135,0.0033737064688466488,False,outputs/equal_wall_clock_cpu/calibration_runs/id_n_sweep/flow_matching_aif/K2,0.0060097083915025,0.006036573380697519,10,0.00987469544634223,0.00995157799916342
4,nan,5,"0,1",0,id_n_sweep,0,flow_matching_aif,0.016434680193196983,0.016417726001236588,0.01650851380545646,0.00442326650954783,0.004496267216745764,False,outputs/equal_wall_clock_cpu/calibration_runs/id_n_sweep/flow_matching_aif/K4,0.01188115100376308,0.011940580781083553,10,0.016920320980716497,0.017010814242530613
8,nan,5,"0,1",0,id_n_sweep,0,flow_matching_aif,0.0298246483085677,0.0297763179987669,0.02994780894368887,0.006031735509168357,0.006077689421363175,False,outputs/equal_wall_clock_cpu/calibration_runs/id_n_sweep/flow_matching_aif/K8,0.023645125038456172,0.023812666884623468,10,0.030311118462122977,0.030478804465383293
16,nan,5,"0,1",0,id_n_sweep,0,flow_matching_aif,0.056329285027459264,0.0562460795044899,0.05658812462352217,0.008932450029533356,0.008999590820167214,False,outputs/equal_wall_clock_cpu/calibration_runs/id_n_sweep/flow_matching_aif/K16,0.04722931556170806,0.0475640248390846,10,0.056833159003872424,0.05718243363080546
32,nan,5,"0,1",0,id_n_sweep,0,flow_matching_aif,0.10900143570033834,0.10885067051276565,0.10957282645395025,0.014682121982332319,0.01477734507061541,False,outputs/equal_wall_clock_cpu/calibration_runs/id_n_sweep/flow_matching_aif/K32,0.09404873650055379,0.09478690101532265,10,0.10952338197967038,0.11028012736933306
64,nan,5,"0,1",0,id_n_sweep,0,flow_matching_aif,0.21491642309119924,0.2149933974724263,0.21614302499219776,0.026518424041569233,0.02664787316462025,False,outputs/equal_wall_clock_cpu/calibration_runs/id_n_sweep/flow_matching_aif/K64,0.18837863596854731,0.18950526064727455,10,0.2159014969947748,0.21707185198320075
128,nan,5,"0,1",0,id_n_sweep,0,flow_matching_aif,0.4298942659050226,0.4274378219852224,0.4314663139055483,0.050391585973557085,0.05049027825007215,False,outputs/equal_wall_clock_cpu/calibration_runs/id_n_sweep/flow_matching_aif/K128,0.37682849453995004,0.3809561215923168,10,0.4289945980417542,0.43296521259471776
256,nan,5,"0,1",0,id_n_sweep,0,flow_matching_aif,0.853907214582432,0.8511196554172784,0.8571164885303005,0.09819688752759248,0.09828002010472119,False,outputs/equal_wall_clock_cpu/calibration_runs/id_n_sweep/flow_matching_aif/K256,0.7528229340096004,0.7587525451323017,10,0.8537653839448467,0.8600755325518548
1,nan,5,"110,113",0,heldout_start_goal,0,cem_aif,0.0059781433898024264,0.0059672389179468155,0.006008147692773491,0.0029916675412096083,0.003017014323268086,False,outputs/equal_wall_clock_cpu/calibration_runs/heldout_start_goal/cem_aif/K1,0.002889128460083157,0.0029231306281872096,10,0.006406789005268365,0.006452654674649238
2,nan,5,"110,113",0,heldout_start_goal,0,cem_aif,0.011625122127588839,0.01161451346706599,0.011721810617018491,0.005812672490719706,0.005859670566860586,False,outputs/equal_wall_clock_cpu/calibration_runs/heldout_start_goal/cem_aif/K2,0.005714461032766849,0.00578051432967186,10,0.012085041496902704,0.012203626532573252
4,nan,5,"110,113",0,heldout_start_goal,0,cem_aif,0.02297205829527229,0.02297118352726102,0.023239101888611915,0.011498142557684332,0.011607772356364876,False,outputs/equal_wall_clock_cpu/calibration_runs/heldout_start_goal/cem_aif/K4,0.01136801700340584,0.01153299503494054,10,0.023456736002117395,0.023734444670844825
8,nan,5,"110,113",0,heldout_start_goal,0,cem_aif,0.0456542752799578,0.04554779198952019,0.04604360755765811,0.022790727496612817,0.02299918286735192,False,outputs/equal_wall_clock_cpu/calibration_runs/heldout_start_goal/cem_aif/K8,0.022692191938403994,0.02295140561182052,10,0.04607819893863052,0.04657393611269072
16,nan,5,"110,113",0,heldout_start_goal,0,cem_aif,0.09096326552098617,0.09111109899822623,0.09160967932548374,0.04551122855627909,0.045826789375860245,False,outputs/equal_wall_clock_cpu/calibration_runs/heldout_start_goal/cem_aif/K16,0.045450743986293674,0.04566968514118344,10,0.09169582847971469,0.09219141723588109
32,nan,5,"110,113",0,heldout_start_goal,0,cem_aif,0.18158458721591159,0.18242759752320126,0.18323073827195913,0.09110354498261586,0.09152342601446434,False,outputs/equal_wall_clock_cpu/calibration_runs/heldout_start_goal/cem_aif/K32,0.09107514703646302,0.0914906278019771,10,0.18313048995332792,0.18393440059153363
64,nan,5,"110,113",0,heldout_start_goal,0,cem_aif,0.36601526649901645,0.36370462854392827,0.3689278811099939,0.18178422807250172,0.18585294993827117,False,outputs/equal_wall_clock_cpu/calibration_runs/heldout_start_goal/cem_aif/K64,0.18160045600961894,0.18269718996016307,10,0.36460959300165996,0.3698873330722563
128,nan,5,"110,113",0,heldout_start_goal,0,cem_aif,0.7277438443969004,0.7260506774764508,0.7325229279696941,0.3627999619930051,0.3642477562767454,False,outputs/equal_wall_clock_cpu/calibration_runs/heldout_start_goal/cem_aif/K128,0.36270801146747544,0.3679441748186946,10,0.7273739619995467,0.7339767095516435
256,nan,5,"110,113",0,heldout_start_goal,0,cem_aif,1.4569109254167416,1.453015781531576,1.486311275011394,0.7259689465281554,0.734428520873189,False,outputs/equal_wall_clock_cpu/calibration_runs/heldout_start_goal/cem_aif/K256,0.724814701534342,0.7337272524833679,10,1.4556410469813272,1.4897648120066151
1,nan,5,"110,113",0,heldout_start_goal,0,bc_mdn_aif,0.0034132740227505566,0.0033774965559132397,0.0034665373503230514,0.00031358248088508844,0.00038966399151831857,False,outputs/equal_wall_clock_cpu/calibration_runs/heldout_start_goal/bc_mdn_aif/K1,0.0029819695046171546,0.0030218775267712773,10,0.003825247520580888,0.003927557216957212
2,nan,5,"110,113",0,heldout_start_goal,0,bc_mdn_aif,0.006327529193367809,0.006321709486655891,0.006375451688654721,0.0003239419893361628,0.0003850130597129464,False,outputs/equal_wall_clock_cpu/calibration_runs/heldout_start_goal/bc_mdn_aif/K2,0.005909079511184245,0.005972963152453304,10,0.006881050998345017,0.006930828490294517
4,nan,5,"110,113",0,heldout_start_goal,0,bc_mdn_aif,0.01218718511518091,0.012201131961774081,0.012253924645483494,0.00033353507751598954,0.0003748295595869422,False,outputs/equal_wall_clock_cpu/calibration_runs/heldout_start_goal/bc_mdn_aif/K4,0.01178288203664124,0.011846824910026043,10,0.012761797464918345,0.012824278278276325
8,nan,5,"110,113",0,heldout_start_goal,0,bc_mdn_aif,0.023941445688251406,0.023936265031807125,0.024103487981483342,0.0003535680007189512,0.000393369363155216,False,outputs/equal_wall_clock_cpu/calibration_runs/heldout_start_goal/bc_mdn_aif/K8,0.02350685396231711,0.023678892257157712,10,0.02453266701195389,0.02470342837041244
16,nan,5,"110,113",0,heldout_start_goal,0,bc_mdn_aif,0.04739583299960941,0.04745023197028786,0.04770504424814135,0.0003875020192936063,0.00042097928235307336,False,outputs/equal_wall_clock_cpu/calibration_runs/heldout_start_goal/bc_mdn_aif/K16,0.04698494850890711,0.04724911937955767,10,0.04810474399710074,0.04836776772281155
32,nan,5,"110,113",0,heldout_start_goal,0,bc_mdn_aif,0.09408280370989815,0.09410443546948954,0.0947435482405126,0.00043907947838306427,0.0004906602669507265,False,outputs/equal_wall_clock_cpu/calibration_runs/heldout_start_goal/bc_mdn_aif/K32,0.09357006498612463,0.09422438683686778,10,0.09481429099105299,0.09552649584366008
64,nan,5,"110,113",0,heldout_start_goal,0,bc_mdn_aif,0.18781745521118864,0.1880880434764549,0.18908195720287038,0.0005549085326492786,0.000615980161819607,False,outputs/equal_wall_clock_cpu/calibration_runs/heldout_start_goal/bc_mdn_aif/K64,0.18743974855169654,0.1884538276703097,10,0.18907054950250313,0.1900869350414723
128,nan,5,"110,113",0,heldout_start_goal,0,bc_mdn_aif,0.37804990528384225,0.37595773849170655,0.3802087972406298,0.0007953225285746157,0.0009059251518920064,False,outputs/equal_wall_clock_cpu/calibration_runs/heldout_start_goal/bc_mdn_aif/K128,0.3750800894922577,0.3793254235642962,10,0.3774330510641448,0.38172542409738525
256,nan,5,"110,113",0,heldout_start_goal,0,bc_mdn_aif,0.7521425209008157,0.7508244490018114,0.7550096116377971,0.001257565978448838,0.0013746914686635137,False,outputs/equal_wall_clock_cpu/calibration_runs/heldout_start_goal/bc_mdn_aif/K256,0.749434667523019,0.7535926372511312,10,0.7533000449766405,0.757806184666697
1,nan,5,"110,113",0,heldout_start_goal,0,cvae_aif,0.003169631795026362,0.0031565939425490797,0.0032311380608007314,0.00014012004248797894,0.00016903940122574564,False,outputs/equal_wall_clock_cpu/calibration_runs/heldout_start_goal/cvae_aif/K1,0.002933987998403609,0.002978553506545722,10,0.003596514987293631,0.0036569035379216074
2,nan,5,"110,113",0,heldout_start_goal,0,cvae_aif,0.0061115777003578845,0.0060956524685025215,0.0061833003419451416,0.00014858547365292907,0.0001818125834688544,False,outputs/equal_wall_clock_cpu/calibration_runs/heldout_start_goal/cvae_aif/K2,0.005863864498678595,0.005917463253717869,10,0.006578594562597573,0.006666566547937691
4,nan,5,"110,113",0,heldout_start_goal,0,cvae_aif,0.011936246079858392,0.011931068496778607,0.012018544774036855,0.00015728198923170567,0.00017928503220900893,False,outputs/equal_wall_clock_cpu/calibration_runs/heldout_start_goal/cvae_aif/K4,0.011696429981384426,0.011783275136258453,10,0.012423438543919474,0.012520770402625203
8,nan,5,"110,113",0,heldout_start_goal,0,cvae_aif,0.02349597749998793,0.02349283848889172,0.02368874542880803,0.00016397499712184072,0.00019016667502000926,False,outputs/equal_wall_clock_cpu/calibration_runs/heldout_start_goal/cvae_aif/K8,0.02324614254757762,0.023448733729310334,10,0.024009223969187587,0.024219478864688424
16,nan,5,"110,113",0,heldout_start_goal,0,cvae_aif,0.04681482317391783,0.04675235599279404,0.04713415855076164,0.00018067099153995514,0.00021687999833375216,False,outputs/equal_wall_clock_cpu/calibration_runs/heldout_start_goal/cvae_aif/K16,0.04649385798256844,0.04687932522501796,10,0.04734234098577872,0.04772964023286477
32,nan,5,"110,113",0,heldout_start_goal,0,cvae_aif,0.09350359649397433,0.09351830353261903,0.09431480427738279,0.00020500755636021495,0.00023786440724506974,False,outputs/equal_wall_clock_cpu/calibration_runs/heldout_start_goal/cvae_aif/K32,0.09322888648603112,0.0940309414290823,10,0.09422919154167175,0.09503097995184362
64,nan,5,"110,113",0,heldout_start_goal,0,cvae_aif,0.18642363782273605,0.18634477496379986,0.1879569826531224,0.00025578297208994627,0.0002833160338923335,False,outputs/equal_wall_clock_cpu/calibration_runs/heldout_start_goal/cvae_aif/K64,0.18600089044775814,0.18761720818001776,10,0.18725662300130352,0.18888957342132928
128,nan,5,"110,113",0,heldout_start_goal,0,cvae_aif,0.374985609902069,0.37249455746496096,0.37817996655358,0.000378570519387722,0.00044703067978844044,False,outputs/equal_wall_clock_cpu/calibration_runs/heldout_start_goal/cvae_aif/K128,0.3720096910255961,0.37772314843023197,10,0.3738360970164649,0.37962364312261343
256,nan,5,"110,113",0,heldout_start_goal,0,cvae_aif,0.7463096047984437,0.7437102179392241,0.7522166066104546,0.0005949639016762376,0.00065402218606323,False,outputs/equal_wall_clock_cpu/calibration_runs/heldout_start_goal/cvae_aif/K256,0.7429858394316398,0.7515190495294519,10,0.7462756649474613,0.75466559586348
1,nan,5,"110,113",0,heldout_start_goal,0,transformer_aif,0.0322983919759281,0.032223876973148435,0.03246668383944779,0.02879152150126174,0.02904067465569824,False,outputs/equal_wall_clock_cpu/calibration_runs/heldout_start_goal/transformer_aif/K1,0.0032903169631026685,0.003310515207704157,10,0.03272750350879505,0.03297453941777349
2,nan,5,"110,113",0,heldout_start_goal,0,transformer_aif,0.046087529696524146,0.04600336850853637,0.04633176206843928,0.03963897342327982,0.039936262625269586,False,outputs/equal_wall_clock_cpu/calibration_runs/heldout_start_goal/transformer_aif/K2,0.006226855504792184,0.0062788937590084965,10,0.046623675036244094,0.046948995115235446
4,nan,5,"110,113",0,heldout_start_goal,0,transformer_aif,0.07398598921718076,0.07395259954500943,0.07417494718683884,0.06155539449537173,0.061832246370613575,False,outputs/equal_wall_clock_cpu/calibration_runs/heldout_start_goal/transformer_aif/K4,0.012224453501403332,0.01232413313118741,10,0.07460688054561615,0.07481536936247721
8,nan,5,"110,113",0,heldout_start_goal,0,transformer_aif,0.12937055150978266,0.12937572749797255,0.1295169641613029,0.10516157455276698,0.10535614462569355,False,outputs/equal_wall_clock_cpu/calibration_runs/heldout_start_goal/transformer_aif/K8,0.023998685996048152,0.02417803677963093,10,0.13006353750824928,0.1301901752129197
16,nan,5,"110,113",0,heldout_start_goal,0,transformer_aif,0.24030063091777265,0.2403350624954328,0.24061283128103242,0.19247044646181166,0.19280074293492364,False,outputs/equal_wall_clock_cpu/calibration_runs/heldout_start_goal/transformer_aif/K16,0.047572754498105496,0.04792020795866847,10,0.2411118905292824,0.24137236640090123
32,nan,5,"110,113",0,heldout_start_goal,0,transformer_aif,0.4615040645119734,0.4613884325372055,0.4619930301094428,0.36673941649496555,0.366977820196189,False,outputs/equal_wall_clock_cpu/calibration_runs/heldout_start_goal/transformer_aif/K32,0.09467085800133646,0.09508468769490719,10,0.46238156902836636,0.4629560490371659
64,nan,5,"110,113",0,heldout_start_goal,0,transformer_aif,0.9110077055171132,0.9081474885460921,0.9124826255952939,0.7195659519638866,0.7197725893813185,False,outputs/equal_wall_clock_cpu/calibration_runs/heldout_start_goal/transformer_aif/K64,0.18888782447902486,0.19307141143362969,10,0.9095006535062566,0.9138116626651027
128,nan,5,"110,113",0,heldout_start_goal,0,transformer_aif,1.7995344992959872,1.7998931179754436,1.8010683469939976,1.4222903279587626,1.425698699487839,False,outputs/equal_wall_clock_cpu/calibration_runs/heldout_start_goal/transformer_aif/K128,0.3766298645059578,0.3781371014891192,10,1.8018963155336678,1.8032225355040281
256,nan,5,"110,113",0,heldout_start_goal,0,transformer_aif,3.6613118085893803,3.669073421508074,3.680142546398565,2.902207202045247,2.921564295294229,False,outputs/equal_wall_clock_cpu/calibration_runs/heldout_start_goal/transformer_aif/K256,0.7538664619787596,0.7884027854190209,10,3.6724425739375874,3.6834865823970175
1,nan,5,"110,113",0,heldout_start_goal,0,diffusion_policy_aif,0.10898436788702384,0.10898477950831875,0.10909244948998094,0.10559044044930488,0.1057147951098159,False,outputs/equal_wall_clock_cpu/calibration_runs/heldout_start_goal/diffusion_policy_aif/K1,0.003259845543652773,0.0033117622835561636,10,0.10948848706902936,0.10959019216243177
2,nan,5,"110,113",0,heldout_start_goal,0,diffusion_policy_aif,0.15539635012391956,0.15534137800568715,0.15560567947104573,0.14898807648569345,0.14927771221846342,False,outputs/equal_wall_clock_cpu/calibration_runs/heldout_start_goal/diffusion_policy_aif/K2,0.006250010977964848,0.006322545639704913,10,0.1558701725443825,0.15612354087643326
4,nan,5,"110,113",0,heldout_start_goal,0,diffusion_policy_aif,0.24930672309128568,0.249329004494939,0.24944885434815658,0.2370909575256519,0.23745192503556609,False,outputs/equal_wall_clock_cpu/calibration_runs/heldout_start_goal/diffusion_policy_aif/K4,0.012087467010132968,0.01213461443549022,10,0.24988309643231332,0.2500059789745137
8,nan,5,"110,113",0,heldout_start_goal,0,diffusion_policy_aif,0.4354628689819947,0.43548642547102645,0.43564898987533524,0.4116201279684901,0.4117543439613655,False,outputs/equal_wall_clock_cpu/calibration_runs/heldout_start_goal/diffusion_policy_aif/K8,0.023724088503513485,0.023848522384651006,10,0.4360970789566636,0.436238111415878
16,nan,5,"110,113",0,heldout_start_goal,0,diffusion_policy_aif,0.8104836496990174,0.8104833204997703,0.8108123758574948,0.7632521275081672,0.7636799529078416,False,outputs/equal_wall_clock_cpu/calibration_runs/heldout_start_goal/diffusion_policy_aif/K16,0.04707598953973502,0.04727826244197786,10,0.8111573584610596,0.8113881029188633
32,nan,5,"110,113",0,heldout_start_goal,0,diffusion_policy_aif,1.559589929378126,1.5591197424801067,1.5615471801371312,1.4650314105092548,1.4676641426747665,False,outputs/equal_wall_clock_cpu/calibration_runs/heldout_start_goal/diffusion_policy_aif/K32,0.0940004299627617,0.09435909807216376,10,1.5599472550093196,1.562456785410177
64,nan,5,"110,113",0,heldout_start_goal,0,diffusion_policy_aif,3.065927508287132,3.066292204486672,3.0706824135850184,2.8793902429169975,2.884016210876871,False,outputs/equal_wall_clock_cpu/calibration_runs/heldout_start_goal/diffusion_policy_aif/K64,0.18670385255245492,0.1877309068571776,10,3.0674115764559247,3.0719642456970178
128,nan,5,"110,113",0,heldout_start_goal,0,diffusion_policy_aif,6.081459733191878,6.080961884465069,6.088343906565569,5.707498129981104,5.714497429109178,False,outputs/equal_wall_clock_cpu/calibration_runs/heldout_start_goal/diffusion_policy_aif/K128,0.372764082509093,0.37358876394573604,10,6.082259051501751,6.0905541745596565
256,nan,5,"110,113",0,heldout_start_goal,0,diffusion_policy_aif,12.277238813089207,12.281969891977496,12.371186418575235,11.526439380540978,11.616569239844104,False,outputs/equal_wall_clock_cpu/calibration_runs/heldout_start_goal/diffusion_policy_aif/K256,0.7432617964223027,0.7747930068639107,10,12.284276783000678,12.374547916930169
1,nan,5,"110,113",0,heldout_start_goal,0,flow_matching_aif,0.005499552190303803,0.0054724549991078675,0.005530189943965525,0.0023699855082668364,0.002429944451432675,False,outputs/equal_wall_clock_cpu/calibration_runs/heldout_start_goal/flow_matching_aif/K1,0.0030238819890655577,0.0030480875517241656,10,0.00592466996749863,0.0059887156472541395
2,nan,5,"110,113",0,heldout_start_goal,0,flow_matching_aif,0.00942103408742696,0.009404747979715466,0.00950835634721443,0.0033155475393868983,0.0033892587875016035,False,outputs/equal_wall_clock_cpu/calibration_runs/heldout_start_goal/flow_matching_aif/K2,0.006004996481351554,0.006044321635272354,10,0.00989128794753924,0.009994118253234773
4,nan,5,"110,113",0,heldout_start_goal,0,flow_matching_aif,0.01642382818972692,0.0164386949618347,0.016526705818250775,0.0044627710012719035,0.004550819692667574,False,outputs/equal_wall_clock_cpu/calibration_runs/heldout_start_goal/flow_matching_aif/K4,0.011854023498017341,0.011916747188661248,10,0.016944009985309094,0.017028006876353176
8,nan,5,"110,113",0,heldout_start_goal,0,flow_matching_aif,0.02969624410616234,0.029711670998949558,0.029787960229441524,0.0060141439898870885,0.006073727644979954,False,outputs/equal_wall_clock_cpu/calibration_runs/heldout_start_goal/flow_matching_aif/K8,0.023529038997367024,0.02368219078052789,10,0.03023999952711165,0.030324608681257813
16,nan,5,"110,113",0,heldout_start_goal,0,flow_matching_aif,0.056024224916473034,0.055978981021326035,0.05626521415542811,0.008936493541114032,0.008974667626898736,False,outputs/equal_wall_clock_cpu/calibration_runs/heldout_start_goal/flow_matching_aif/K16,0.04694332549115643,0.04734104046365246,10,0.05656122206710279,0.05686044292524457
32,nan,5,"110,113",0,heldout_start_goal,0,flow_matching_aif,0.108751666394528,0.10856187751051039,0.10953327307943254,0.014868546917568892,0.01494893676135689,False,outputs/equal_wall_clock_cpu/calibration_runs/heldout_start_goal/flow_matching_aif/K32,0.09355458855861798,0.09467169865965842,10,0.109258514479734,0.11024999069049954
64,nan,5,"110,113",0,heldout_start_goal,0,flow_matching_aif,0.21408480738755314,0.21406334050698206,0.21553847290342673,0.026690815459005535,0.026764533726964145,False,outputs/equal_wall_clock_cpu/calibration_runs/heldout_start_goal/flow_matching_aif/K64,0.18738931696861982,0.18895175921497867,10,0.21498141653137282,0.2164598543778993
128,nan,5,"110,113",0,heldout_start_goal,0,flow_matching_aif,0.42748407267499716,0.4244877854944207,0.43021946751978246,0.05018879601266235,0.050458896590862425,False,outputs/equal_wall_clock_cpu/calibration_runs/heldout_start_goal/flow_matching_aif/K128,0.3742447569966316,0.3799824447953142,10,0.42583920003380626,0.43167588040232663
256,nan,5,"110,113",0,heldout_start_goal,0,flow_matching_aif,0.8509962536976673,0.848504890454933,0.8546897865016945,0.09831480454886332,0.09849622766487301,False,outputs/equal_wall_clock_cpu/calibration_runs/heldout_start_goal/flow_matching_aif/K256,0.7501701135770418,0.7561489426298067,10,0.851052817015443,0.8575901822652667
