K,collision_rate,episodes,fall_out_rate,mean_best_of_K_G_total,mean_both_side_routes_covered,mean_center_route_fraction,mean_episode_length,mean_feasible_proposal_rate,mean_feasible_side_route_coverage,mean_final_distance_to_goal,mean_invalid_action_fraction,mean_invalid_route_fraction,mean_left_route_fraction,mean_planning_time_per_decision,mean_proposal_time_per_decision,mean_right_route_fraction,mean_rollout_scoring_time_per_decision,mean_route_entropy,mean_total_planning_time_per_episode,mean_total_wall_clock_time_per_episode,mean_wall_clock_time_per_decision,model,success_rate,timeout_rate,variant
128,0.0,18,0.05555555555555555,15.851666719845655,0.0,0.4102578166935051,85.44444444444444,0.9694965277777777,0.0,0.6360788299805589,0.0,0.03050347222222223,0.25262576321792807,0.7262128085392419,0.36336427853013653,0.30661294786634463,0.3619739198289336,0.09642897335291549,62.12100040322467,62.29092040827769,0.7282009734326006,cem_aif,0.1111111111111111,0.8333333333333334,aif_cem
16,0.0,18,0.1111111111111111,18.71814992748756,0.0,0.48949497212266013,88.44444444444444,0.9744810334528078,0.0,1.0895814796288807,0.0,0.025518966547192358,0.2916679111907607,0.09027066031854171,0.04511599668176417,0.1933181501393867,0.0450005209995602,0.07228040304175888,7.987494786347573,8.041161408770778,0.09087716772348108,cem_aif,0.0,0.8888888888888888,aif_cem
256,0.0,18,0.0,13.43596343613152,0.0,0.35814945521868924,85.66666666666667,0.9565506766715216,0.0,0.5258170767790742,0.0,0.04344932332847829,0.2480679712694747,1.458031304445064,0.7285916145823139,0.35033325018335787,0.7272175143882641,0.10109987027658653,124.99739176905456,125.36680126705323,1.4623451465382296,cem_aif,0.2222222222222222,0.7777777777777778,aif_cem
32,0.0,18,0.05555555555555555,16.569943016390333,0.0,0.49944962090886563,88.55555555555556,0.9584889846743295,0.0,0.8665767808755239,0.0,0.041511015325670496,0.2201270844849825,0.1804208080425679,0.09021605671232262,0.2389122792804813,0.08997331330301975,0.10497600406630431,15.97535431630806,16.04233578542092,0.1811771788277731,cem_aif,0.05555555555555555,0.8888888888888888,aif_cem
64,0.0,18,0.0,15.053250109487111,0.0,0.4885361552028218,88.5,0.9680941358024691,0.0,0.7263044214083089,0.0,0.03190586419753086,0.1654458774250441,0.3606008505259293,0.18012800308572588,0.31411210317460314,0.18007180341487591,0.09830213207521557,31.92559201340191,32.021398317983966,0.361683712654602,cem_aif,0.05555555555555555,0.9444444444444444,aif_cem
8,0.0,18,0.5,26.766216455212707,0.0,0.374694648180732,78.05555555555556,0.9244449870456624,0.0,1.3766625490453508,0.0,0.07555501295433767,0.30349855976169443,0.04467485547290373,0.022305207489441366,0.2462517791032359,0.022252873865860417,0.04990466727388369,3.4963387807721222,3.5378463298159963,0.04520616217695877,cem_aif,0.0,0.5,aif_cem
1024,0.0,18,0.0,8.56237679085457,0.0,0.425864645639664,70.72222222222223,0.9830343132421672,0.0,0.09670278843906191,0.0,0.01696568675783269,0.21276010845952312,8.794119138698035,5.857321210901407,0.34440955914298027,2.927215667062546,0.11248075562521263,623.5112021678651,624.7241357285852,8.811293892268896,cem_aif,0.9444444444444444,0.05555555555555555,aif_cem_reference
512,0.0,18,0.05555555555555555,10.709626745727865,0.0,0.3671785585009329,74.0,0.9738203154598324,0.0,0.10741561734014088,0.0,0.02617968454016771,0.4395607336705757,4.396787236471192,2.924583501779807,0.16708102328832367,1.4678368575942193,0.09747717127505609,326.50002728385476,327.14122136570063,4.405444535138599,cem_aif,0.8888888888888888,0.05555555555555555,aif_cem_reference
128,0.0,18,0.0,7.359305047294961,0.0,0.31370238973071746,41.611111111111114,0.9355541117635959,0.0,0.0891683619055483,0.0,0.0644458882364042,0.283514822055349,0.7241396047655225,0.36914736945938154,0.3383368999775293,0.3548331190864933,0.19589917843045643,30.160632627236836,30.246392950658144,0.7262106177012985,bc_mdn_aif,1.0,0.0,gated_hybrid
128,0.0,18,0.0,6.958961447506688,0.0,0.30634746973085536,36.666666666666664,0.9543910653224413,0.0,0.08109395205974579,0.0,0.04560893467755869,0.2868235647747228,0.7248723183052044,0.369003015131013,0.36122003081686316,0.3557066410058036,0.20823760350392134,26.627769496353316,26.707017388278878,0.7270316642767077,cvae_aif,1.0,0.0,gated_hybrid
128,0.0,18,0.0,7.079296501463958,0.0,0.15946887621225952,42.55555555555556,0.9995830202418906,0.0,0.09726734376615948,0.0,0.0004169797581093512,0.28383723462587235,0.7689460968499016,0.410499062792456,0.5562769094037587,0.35828730385308777,0.06626853493376435,32.81915692645513,32.915559751770665,0.77121102272744,diffusion_policy_aif,1.0,0.0,gated_hybrid
128,0.0,18,0.0,7.5093130727902855,0.0010893246187363833,0.32685232240886897,42.94444444444444,0.939981806986185,0.0010893246187363833,0.1385074377887779,0.0,0.060018193013815085,0.18459274856919786,0.7321384427714278,0.3732107556572207,0.4285367360081181,0.35876637005094353,0.21548494043693353,31.4673700100296,31.564034571994043,0.7343920031285431,flow_matching_aif,0.9444444444444444,0.05555555555555555,gated_hybrid
128,0.0,18,0.0,7.209138850944003,0.0,0.3055279199988741,41.0,0.9373937945209403,0.0,0.0843353205256992,0.0,0.0626062054790598,0.25884360412642904,0.736409623024076,0.3798175008455382,0.37302227039563707,0.35642267541592365,0.18616869856402188,30.255796379577887,30.345930228239418,0.7386093432452213,transformer_aif,1.0,0.0,gated_hybrid
16,0.0,18,0.0,8.130729887197235,0.0,0.3185259585268611,49.72222222222222,0.9575692181154789,0.0,0.16051782957381672,0.0,0.04243078188452107,0.3006327869473179,0.09056883078192807,0.0460760586995052,0.3384104726412999,0.0443881920323987,0.1594952143796548,4.517077284690458,4.548932341978394,0.09121003777557277,bc_mdn_aif,0.9444444444444444,0.05555555555555555,gated_hybrid
16,0.0,18,0.05555555555555555,8.454168387970407,0.0008547008547008547,0.2524840049302287,43.77777777777778,0.9577454764717026,0.0008547008547008547,0.20485174987051222,0.0,0.042254523528297366,0.26310551169865065,0.09059298165421126,0.04586461822157454,0.4421559598428233,0.04462066199291852,0.18082021438179954,3.974917461186932,4.002901223918242,0.09123236714900733,cvae_aif,0.9444444444444444,0.0,gated_hybrid
16,0.0,18,0.0,7.43231063756807,0.0,0.1422725216089162,46.77777777777778,0.9978855313406724,0.0,0.10782857280638483,0.0,0.00211446865932753,0.34488291971431734,0.11182275719394312,0.06691987055186356,0.510730090017439,0.04479761239232886,0.06529112819765531,5.235721680303363,5.2659464574212,0.11246887855088802,diffusion_policy_aif,1.0,0.0,gated_hybrid
16,0.0,18,0.0,7.348655221050403,0.0,0.27988251449639556,46.888888888888886,0.9523520046539671,0.0,0.10210179165005684,0.0,0.04764799534603284,0.1674851616285488,0.09355309172882001,0.048672312279759405,0.5049843285290229,0.04477804830429522,0.19394335888951536,4.389439056394622,4.419558566260902,0.09419711176865299,flow_matching_aif,1.0,0.0,gated_hybrid
16,0.0,18,0.0,8.867989056725488,0.0006172839506172839,0.3584825954177616,52.05555555555556,0.9470200366019466,0.0006172839506172839,0.24849465323819053,0.0,0.052979963398053526,0.2628528186740549,0.09757311882602908,0.05278235187811685,0.32568462251013003,0.044682531699804975,0.18941579569961545,5.072738332654505,5.106428774212771,0.09822144886757105,transformer_aif,0.8333333333333334,0.16666666666666666,gated_hybrid
256,0.0,18,0.0,7.687050064420644,0.0,0.3505072789130149,44.111111111111114,0.9360626385951145,0.0,0.13406098095907104,0.0,0.06393736140488555,0.24640067374891958,1.44647430320457,0.7366199767332534,0.33915468593317993,0.7096711629113333,0.1976816236983641,63.87414779931876,64.06143166953956,1.4507331723947812,bc_mdn_aif,0.9444444444444444,0.05555555555555555,gated_hybrid
256,0.0,18,0.0,6.98059902445818,0.001182033096926714,0.32280932043374594,36.22222222222222,0.9373600936915736,0.001182033096926714,0.07963596822486983,0.0,0.06263990630842638,0.3046566682477171,1.4494634876217747,0.7366749313724074,0.30989410501011055,0.7126053657929476,0.22778066425321905,52.62147440623893,52.78548013567666,1.453992457377244,cvae_aif,1.0,0.0,gated_hybrid
256,0.0,18,0.0,7.085119063325539,0.0,0.17049016054604385,41.5,0.9988936401778198,0.0,0.09703798757659064,0.0,0.0011063598221801349,0.22518739938366591,1.5320591816316265,0.8052184037852446,0.6032160802481101,0.7266561114676748,0.06890180178341165,63.67816816801658,63.870549578539794,1.5366998236585623,diffusion_policy_aif,1.0,0.0,gated_hybrid
256,0.0,18,0.0,7.20142282824374,0.0,0.32508706145292826,41.27777777777778,0.9275896321542328,0.0,0.08266770756906933,0.0,0.07241036784576711,0.2223463733298292,1.4591628868129625,0.7439184974084305,0.3801561973714754,0.7150592561135698,0.2263594502347286,60.32528111507741,60.512772339890944,1.4637187444638091,flow_matching_aif,1.0,0.0,gated_hybrid
256,0.0,18,0.0,6.90884049611003,0.0,0.3061128094454216,37.166666666666664,0.9311752950491287,0.0,0.08482025025619401,0.0,0.06882470495087122,0.2544008779854713,1.475015227281639,0.7591734821409735,0.3706616076182359,0.7156577072311394,0.18873275918780363,54.91117287764468,55.08023628013325,1.4795709219443167,transformer_aif,1.0,0.0,gated_hybrid
32,0.0,18,0.0,7.563212933772912,0.0,0.31763871712794445,44.0,0.9393969905171038,0.0,0.08979544209109412,0.0,0.060603009482896174,0.21228486737189434,0.1813392475135229,0.09246965358753978,0.4094734060172651,0.08875796774300954,0.20254740200054283,7.992911477156061,8.027517614698606,0.18212795127476797,bc_mdn_aif,1.0,0.0,gated_hybrid
32,0.0,18,0.0,7.542114408641378,0.0,0.2680137065224057,43.111111111111114,0.9517689590784028,0.0,0.14713617910941443,0.0,0.04823104092159716,0.2584851047871881,0.18089337768660857,0.0918114412126501,0.425270147768809,0.08896476512991294,0.2180252477638259,7.804126996825087,7.838290569003827,0.18168664636930465,cvae_aif,0.9444444444444444,0.05555555555555555,gated_hybrid
32,0.0,18,0.0,7.296175643922273,0.0,0.10516231534828696,43.666666666666664,0.9998516730853688,0.0,0.10551823634240362,0.0,0.00014832691463126247,0.38211750566100017,0.20408414584050477,0.11416973652491687,0.5125718520760816,0.08978788209984256,0.06238656189420297,8.920705063213568,8.955606237690922,0.20488295444233662,diffusion_policy_aif,1.0,0.0,gated_hybrid
32,0.0,18,0.0,8.12162907195769,0.0,0.31365283966822016,50.44444444444444,0.9384747699147107,0.0,0.16512439648310342,0.0,0.061525230085289234,0.21400794793953595,0.18384784761173817,0.09472572472233615,0.41081398230695465,0.0889963757542167,0.21019109843627842,9.26523989569331,9.305279998567938,0.18464191995374557,flow_matching_aif,0.9444444444444444,0.05555555555555555,gated_hybrid
32,0.0,18,0.0,7.510543819620722,0.0,0.33803178169238257,44.44444444444444,0.9401523288789537,0.0,0.09034569644265705,0.0,0.05984767112104621,0.20927495551120112,0.1883171611333147,0.09916253240122945,0.3928455916753702,0.08903251193676942,0.18940602539657808,8.372732275628046,8.40805431493532,0.18911270528076596,transformer_aif,1.0,0.0,gated_hybrid
64,0.0,18,0.0,7.913847155855134,0.0,0.35811529450543894,46.111111111111114,0.9333638776410458,0.0,0.14273221749398443,0.0,0.06663612235895436,0.26124893532529825,0.35974804751167494,0.18312413477866554,0.31399964781030854,0.17649329201550246,0.20229389814828347,16.617712883844636,16.66985114469167,0.36088040830780455,bc_mdn_aif,0.9444444444444444,0.05555555555555555,gated_hybrid
64,0.0,18,0.0,7.011149512755917,0.0,0.2874983942415772,38.388888888888886,0.9620466812141424,0.0,0.08844095882442263,0.0,0.03795331878585777,0.3344736148112799,0.3623468765219297,0.18370294841008963,0.3400746721612851,0.1785134811557253,0.1942733089548457,13.93494571780967,13.979457122981936,0.3635062252781758,cvae_aif,1.0,0.0,gated_hybrid
64,0.0,18,0.05555555555555555,8.34319571772891,0.0,0.11271904662761921,44.27777777777778,0.9924482228353297,0.0,0.12468104478385714,0.0,0.007551777164670216,0.36023553341246095,0.393041310487668,0.21219291409153815,0.5194936427952497,0.18071289604851043,0.06114463108494109,17.414279258331387,17.46787033716747,0.39425129606198833,diffusion_policy_aif,0.9444444444444444,0.0,gated_hybrid
64,0.0,18,0.0,7.2813823743462835,0.0,0.31879272265904957,41.72222222222222,0.9381684039485874,0.0,0.09350741240713331,0.0,0.061831596051412516,0.21128853685113513,0.36651471392791546,0.18723014640717597,0.4080871444384027,0.17915215190706554,0.2168796840752506,15.320542157556499,15.370133634294486,0.36770385155471164,flow_matching_aif,1.0,0.0,gated_hybrid
64,0.0,18,0.0,7.549737116138663,0.0012077294685990338,0.3476846972797595,41.333333333333336,0.940200063826308,0.0012077294685990338,0.1386260013613436,0.0,0.059799936173692024,0.22451554579778155,0.3717977254760435,0.19268616435644592,0.367999820748767,0.17897548767968938,0.1813093946439589,15.38497549673452,15.434314665300512,0.37299429312939897,transformer_aif,0.9444444444444444,0.05555555555555555,gated_hybrid
8,0.05555555555555555,18,0.05555555555555555,11.990245568094757,0.0014619883040935672,0.4114181460637178,55.333333333333336,0.9376275772596533,0.0014619883040935672,0.4577782323790921,0.0,0.062372422740346725,0.22320189955235373,0.0456562752728431,0.023444169552880232,0.30300753164358174,0.022104624571588675,0.18178927375791532,2.528898451399679,2.5602810066969446,0.046223635389269824,bc_mdn_aif,0.6666666666666666,0.2222222222222222,gated_hybrid
8,0.0,18,0.1111111111111111,10.571541519377638,0.0,0.24898792756809307,52.388888888888886,0.9589735986727512,0.0,0.37766602883736294,0.0,0.0410264013272488,0.17347184958478817,0.04549414818057678,0.02300520362924471,0.5365138215198699,0.022382046831675655,0.1344703614030126,2.3846922257410674,2.414337986666295,0.04606105609502246,cvae_aif,0.7777777777777778,0.1111111111111111,gated_hybrid
8,0.0,18,0.0,7.770871676999507,0.0,0.15054231683806954,50.666666666666664,0.998672683149107,0.0,0.10699417069554329,0.0,0.001327316850893091,0.3045151003324875,0.06489203754001055,0.04231875463283091,0.5436152659785498,0.022464529736308626,0.05064889849963208,3.2941275690617555,3.3231299230796543,0.06546486985991457,diffusion_policy_aif,1.0,0.0,gated_hybrid
8,0.0,18,0.1111111111111111,10.425860161755152,0.0,0.34299985703328256,57.0,0.940087120861101,0.0,0.3343134940498405,0.0,0.05991287913889904,0.22428915980946895,0.0482320094687258,0.025708364006995256,0.3727981040183495,0.022415451614707094,0.16858636475676575,2.7570218917454543,2.789498603275408,0.048802773485536605,flow_matching_aif,0.8333333333333334,0.05555555555555555,gated_hybrid
8,0.0,18,0.1111111111111111,10.31390500251338,0.0,0.3390788173078158,51.44444444444444,0.948197208270926,0.0,0.2765819426212046,0.0,0.051802791729073955,0.26621882876107145,0.052053550000293186,0.029623132442969533,0.34289956220203877,0.02232208962291171,0.1450959287397897,2.675943436783402,2.70525874450363,0.0526244559734434,transformer_aif,0.8888888888888888,0.0,gated_hybrid
128,0.1111111111111111,18,0.2777777777777778,20.610352411505602,0.0,0.2953103727490448,40.27777777777778,0.8244041464537671,0.0,0.6269080340862274,0.0,0.1755958535462329,0.1992280565889914,0.34614466212498257,0.0007476755749873077,0.3298657171157309,0.3452810859507968,0.12588143660441886,14.009038055422328,14.083774196579018,0.3480032943452152,bc_mdn_aif,0.6111111111111112,0.0,generator_aif_score
128,0.0,18,0.0,7.364095091192608,0.0,0.2906179799357478,39.22222222222222,0.9212621820679904,0.0,0.1382627615498172,0.0,0.07873781793200953,0.3086997694247745,0.3521182692025418,0.00039059387712501266,0.32194443270746814,0.35161115692557343,0.20192366766633954,13.855275949136638,13.929862656210187,0.35401871169843474,cvae_aif,0.9444444444444444,0.05555555555555555,generator_aif_score
128,0.0,18,0.0,7.15506388967109,0.0,0.12377267312162493,41.55555555555556,0.9998835989411137,0.0,0.09828005648321575,0.0,0.00011640105888624958,0.3403566743808784,0.4112351620230941,0.0500545536349525,0.5357542514386106,0.3610611354991263,0.06893016606585409,17.11722176425974,17.203689331968135,0.4133177205216112,diffusion_policy_aif,1.0,0.0,generator_aif_score
128,0.16666666666666666,18,0.0,15.405000469996939,0.0,0.2766215482381077,36.05555555555556,0.8390366052588433,0.0,0.25811049963037175,0.0,0.16096339474115667,0.16058525059329287,0.35357813379033604,0.0038595264089417644,0.40182980642744265,0.349567279654599,0.15892110625465702,12.83410622590519,12.90590685926145,0.3555533758500878,flow_matching_aif,0.7777777777777778,0.05555555555555555,generator_aif_score
128,0.16666666666666666,18,0.0,15.72793294297061,0.0,0.2628343791624825,36.72222222222222,0.8206975754081437,0.0,0.24995309404200977,0.0,0.1793024245918563,0.20094054625366045,0.36036385334581267,0.014029440014824958,0.3569226499920008,0.34618582963868655,0.11953147810136085,13.260987334144172,13.337133122695377,0.36244197832186686,transformer_aif,0.7777777777777778,0.05555555555555555,generator_aif_score
16,0.3333333333333333,18,0.1111111111111111,28.637074181857876,0.0,0.31429652287092297,32.05555555555556,0.7898602844056436,0.0,0.518829035676188,0.0,0.21013971559435635,0.20552933711021948,0.04336513071593122,0.0006491006322591973,0.27003442442450115,0.042634568512811964,0.12616348083320528,1.402536873534296,1.4237275210228593,0.04402570488219144,bc_mdn_aif,0.5555555555555556,0.0,generator_aif_score
16,0.16666666666666666,18,0.1111111111111111,16.45015815372548,0.0,0.2886974032097421,45.27777777777778,0.891158429341083,0.0,0.5440907689432303,0.0,0.10884157065891696,0.2332784705738763,0.04403076722709386,0.0003145275559397103,0.36918255555746465,0.043634814731800385,0.18086226525195404,2.0092175541309794,2.0363403900895114,0.04463065449848199,cvae_aif,0.6111111111111112,0.1111111111111111,generator_aif_score
16,0.0,18,0.0,7.388091179392875,0.0,0.09336070916273363,44.27777777777778,0.999785405440976,0.0,0.10638569709327486,0.0,0.00021459455902390684,0.34846463299209585,0.06688487180293463,0.0220022734541859,0.5579600632861467,0.04480000706545439,0.05932825661296843,2.9645855465302398,2.9917075594453815,0.06749721047885296,diffusion_policy_aif,1.0,0.0,generator_aif_score
16,0.2222222222222222,18,0.1111111111111111,23.6725301873826,0.0,0.25461350545527867,36.666666666666664,0.8430023560436114,0.0,0.43162477637330693,0.0,0.15699764395638863,0.10466314731020614,0.0465172069960157,0.0029226123173252917,0.48372570327812664,0.04348503955826035,0.14371340426489562,1.7211190459202044,1.7432232063632302,0.047121015717449394,flow_matching_aif,0.6666666666666666,0.0,generator_aif_score
16,0.4444444444444444,18,0.05555555555555555,37.396181152366296,0.0,0.33407929301876377,28.166666666666668,0.7377990901307464,0.0,0.5215959428913064,0.0,0.2622009098692535,0.14828414457570468,0.05046087716566235,0.00743151577534815,0.25543565253627804,0.042921740497779,0.09063632995646212,1.4325032737817511,1.4516677362876687,0.05114140890602882,transformer_aif,0.5,0.0,generator_aif_score
256,0.0,18,0.05555555555555555,10.169129620707102,0.0,0.27430556508026877,50.44444444444444,0.887369280862215,0.0,0.4389415325389968,0.0,0.11263071913778508,0.31740170401318213,0.6977862055752396,0.0009104567699702404,0.29566201176876405,0.6967256829559794,0.13467984407818434,35.37765515479906,35.58103857556772,0.7017954605454417,bc_mdn_aif,0.7222222222222222,0.2222222222222222,generator_aif_score
256,0.0,18,0.0,6.8635961105691665,0.0012345679012345679,0.2749564890906096,36.27777777777778,0.9197523351699094,0.0012345679012345679,0.08297414084275563,0.0,0.08024766483009065,0.281134637978515,0.704741737785074,0.0004942635657259845,0.3636612081007848,0.7040981115093319,0.213063028342256,25.637519222150633,25.787295566444907,0.7088689889868203,cvae_aif,1.0,0.0,generator_aif_score
256,0.0,18,0.0,7.035717707540509,0.0011574074074074073,0.16878151590190207,40.94444444444444,0.9987614256219486,0.0011574074074074073,0.09623041335079405,0.0,0.0012385743780514889,0.23989375359509385,0.8081984383515352,0.08570416030480288,0.5900861561249526,0.7223419074864412,0.06998574699552194,33.166811316710664,33.34672251841079,0.8125922052662479,diffusion_policy_aif,1.0,0.0,generator_aif_score
256,0.05555555555555555,18,0.0,10.641110852800416,0.0,0.23832952023966408,41.666666666666664,0.8634103128935672,0.0,0.22728396207094193,0.0,0.13658968710643288,0.19067063432156275,0.7037580932074312,0.0037844926271858,0.4344101583323403,0.6997870107268761,0.15048239397500032,29.458643273081787,29.636359640794883,0.7080151703686742,flow_matching_aif,0.8333333333333334,0.1111111111111111,generator_aif_score
256,0.05555555555555555,18,0.0,9.71260417440141,0.0,0.24790176343616294,34.611111111111114,0.8460863734444847,0.0,0.1198843705157439,0.0,0.15391362655551533,0.24927033567064136,0.7210841327218492,0.02496471250724882,0.34891427433768035,0.6959383010897638,0.12393737471183158,25.069504353043158,25.218833758198244,0.7253944746347986,transformer_aif,0.9444444444444444,0.0,generator_aif_score
32,0.16666666666666666,18,0.2222222222222222,25.260738488774862,0.0,0.30499012911195955,33.833333333333336,0.8034067367094,0.0,0.5798151472376453,0.0,0.19659326329060003,0.1917282176292854,0.08711742352225527,0.000616666883855195,0.306688389968155,0.08641256144453657,0.12951523020116057,2.9623016043365675,2.9895759813274103,0.08792222060483795,bc_mdn_aif,0.6111111111111112,0.0,generator_aif_score
32,0.0,18,0.0,7.609796444570157,0.0,0.28267391747253184,40.333333333333336,0.9399129197345366,0.0,0.15130367502570152,0.0,0.060087080265463416,0.2277434689153439,0.0887675361739521,0.0002878648051500726,0.42949553334666085,0.08839355013261876,0.1943130262291693,3.58791640660234,3.6179008957050325,0.08951180029013996,cvae_aif,0.9444444444444444,0.05555555555555555,generator_aif_score
32,0.0,18,0.0,7.412178899948561,0.0,0.11641816161399711,42.888888888888886,0.999687765103479,0.0,0.1067245759897762,0.0,0.00031223489652097377,0.37275370094913113,0.11440691110981291,0.02437806353557145,0.5105159025403508,0.08994097858869855,0.0652444608114316,4.910841496189176,4.94360880715087,0.11517129727898062,diffusion_policy_aif,1.0,0.0,generator_aif_score
32,0.16666666666666666,18,0.16666666666666666,22.730626612621688,0.0,0.28566936783581515,42.611111111111114,0.8523265722545267,0.0,0.5712730342315303,0.0,0.14767342774547332,0.10005343127279404,0.09219121280655468,0.003704812339175243,0.46660377314591744,0.08836981802264327,0.14199043139222536,3.960453426294003,3.9924236234574995,0.09294264091961546,flow_matching_aif,0.6111111111111112,0.05555555555555555,generator_aif_score
32,0.3333333333333333,18,0.0,26.336919667093625,0.0,0.27873780794693387,34.94444444444444,0.7850683478172755,0.0,0.4433496838642491,0.0,0.2149316521827245,0.182336907186385,0.09351692082878851,0.007906374944249613,0.3239936326839567,0.08549912552991389,0.14765412675086698,3.306701838009758,3.3352864542102907,0.09432547163909723,transformer_aif,0.5555555555555556,0.1111111111111111,generator_aif_score
64,0.3333333333333333,18,0.05555555555555555,25.573031317469415,0.0,0.27391878813349196,33.888888888888886,0.7801772648915202,0.0,0.48440447863605285,0.0,0.21982273510847983,0.16170281658580066,0.17101545192606477,0.0006035329495257105,0.34455566017222755,0.17031759954986514,0.11908239022992356,5.862512050933826,5.8986998679950675,0.17207257243045898,bc_mdn_aif,0.5555555555555556,0.05555555555555555,generator_aif_score
64,0.0,18,0.0,7.528403624060617,0.0,0.26324272357516904,40.22222222222222,0.9353274073893059,0.0,0.14656489549411666,0.0,0.06467259261069425,0.2988050374615916,0.17672663578414313,0.0003114235687547144,0.3732796463525452,0.17631980677693207,0.18148606010147722,7.128549998871879,7.170791785549631,0.17777648021044426,cvae_aif,0.9444444444444444,0.05555555555555555,generator_aif_score
64,0.0,18,0.0,7.283913232832696,0.0,0.09802219734079737,41.44444444444444,0.9996496541188628,0.0,0.101616936425368,0.0,0.00035034588113717403,0.3945102584824322,0.2102492518013534,0.03043927673234696,0.5071171982956333,0.17971124203259603,0.06470280939388094,8.724204042645093,8.770355801948527,0.21136055981497756,diffusion_policy_aif,1.0,0.0,generator_aif_score
64,0.1111111111111111,18,0.1111111111111111,17.395973786136764,0.0,0.26248544808475316,47.94444444444444,0.8640383925865772,0.0,0.5802667513489723,0.0,0.13596160741342272,0.12850818559192267,0.1779767163681224,0.0034228350456420435,0.47304475890990133,0.17442775103224314,0.1620708224778874,8.592635179976545,8.643474363443804,0.1790329732001589,flow_matching_aif,0.6111111111111112,0.16666666666666666,generator_aif_score
64,0.3333333333333333,18,0.05555555555555555,21.36586403227364,0.0,0.3099172344882796,31.0,0.7839412302111444,0.0,0.4191260151565075,0.0,0.21605876978885555,0.14373271077754773,0.1810056888065832,0.008761485385832072,0.33029128494531707,0.17212112923537698,0.1251783435174026,5.6598300259114085,5.695029095293851,0.18213859395216384,transformer_aif,0.6111111111111112,0.0,generator_aif_score
8,0.4444444444444444,18,0.2777777777777778,42.064985358157955,0.0,0.310259958936028,33.05555555555556,0.7450057556326055,0.0,0.893377007295688,0.0,0.2549942443673945,0.1625225252127426,0.022053603258680027,0.0008678100094761499,0.27222327148383485,0.021106181218399852,0.07853805708679155,0.7328997742992619,0.7525302631127286,0.022648094425566596,bc_mdn_aif,0.2777777777777778,0.0,generator_aif_score
8,0.05555555555555555,18,0.2222222222222222,16.207346489518805,0.0008818342151675485,0.20164195249596586,43.611111111111114,0.8976701335165731,0.0008818342151675485,0.4899427004986339,0.0,0.1023298664834267,0.16327505050139232,0.022077046640269757,0.00022102460898163877,0.532753130519215,0.021778522754731525,0.15957332563790533,0.9650466914786698,0.9881416071665525,0.022606992067320766,cvae_aif,0.7222222222222222,0.0,generator_aif_score
8,0.0,18,0.0,7.696325288984172,0.0,0.11797121077108878,47.888888888888886,0.9997645951035783,0.0,0.10791278547710842,0.0,0.00023540489642184556,0.3694913501634558,0.04094962152736009,0.01839990070776581,0.5123020341690336,0.022469028023764395,0.055846437528195216,1.9616257379012596,1.9878226582012657,0.04149663753058,diffusion_policy_aif,1.0,0.0,generator_aif_score
8,0.2222222222222222,18,0.16666666666666666,26.495591637400437,0.0,0.26592077546228454,34.611111111111114,0.8257359636624986,0.0,0.5489308949973848,0.0,0.17426403633750148,0.12869264947358253,0.024899643062411922,0.002910707038531823,0.4311225387266314,0.021881692230038927,0.12186768230908296,0.8681806113971915,0.8870320938585792,0.025444455782710495,flow_matching_aif,0.6111111111111112,0.0,generator_aif_score
8,0.5,18,0.0,41.59728202196379,0.0,0.36102621070156327,26.61111111111111,0.7469172179006738,0.0,0.47110963447226417,0.0,0.2530827820993263,0.1291313014403292,0.02808889248693342,0.006864162812702294,0.25675970575878126,0.02112241407804008,0.0790868656263335,0.7546935411325345,0.7708287769346498,0.028693813567183542,transformer_aif,0.5,0.0,generator_aif_score
1,0.4444444444444444,18,0.4444444444444444,55.52688933339899,0.0,0.35650025022718385,34.77777777777778,0.7237617548651721,0.0,1.029295062025388,0.0,0.2762382451348279,0.19520012594205916,0.0032962600449287695,0.0005128062045209014,0.17206137869592905,0.002708997217057263,0.0,0.11543152444776045,0.13091402457212098,0.0037454235630724852,bc_mdn_aif,0.05555555555555555,0.05555555555555555,pure_generator_only
1,0.05555555555555555,18,0.7777777777777778,45.661451122473025,0.0,0.22998633992118547,36.611111111111114,0.7967926850790987,0.0,1.3231203005545669,0.0,0.20320731492090122,0.31433718934306026,0.0030298177493780346,0.00022395307368515887,0.2524691558148531,0.002733275468584997,0.0,0.11184393985442714,0.12799557631822406,0.0034712259292182307,cvae_aif,0.16666666666666666,0.0,pure_generator_only
1,0.05555555555555555,18,0.4444444444444444,34.72611580227066,0.0,0.1642714572026546,60.94444444444444,0.86406647778599,0.0,0.8007826014525361,0.0,0.13593352221401003,0.18112963770145343,0.017146099285696995,0.014242443783185359,0.518665382881882,0.002828921722196423,0.0,1.047771042908102,1.075077277161957,0.01759490408213594,diffusion_policy_aif,0.2777777777777778,0.2222222222222222,pure_generator_only
1,0.3333333333333333,18,0.5555555555555556,46.1693874764914,0.0,0.2445478834182922,39.111111111111114,0.7777031633844007,0.0,1.1700321787761316,0.0,0.22229683661559932,0.14171660359603622,0.005671984938706722,0.0028397800525760495,0.3914386763700723,0.0027587896781554305,0.0,0.2230853650900018,0.24064474362401395,0.006123775952254763,flow_matching_aif,0.1111111111111111,0.0,pure_generator_only
1,0.5555555555555556,18,0.2222222222222222,55.57751245752133,0.0,0.3218972004023557,32.94444444444444,0.7088966941062717,0.0,0.7563882569471995,0.0,0.2911033058937284,0.13735825689848677,0.009245107284360584,0.006404042422765724,0.2496412368054291,0.0027434856874137396,0.0,0.3057676977671993,0.320728586543636,0.00970379895072037,transformer_aif,0.16666666666666666,0.05555555555555555,pure_generator_only
